"engine.time","ikr.IKr","membrane.V"
 1.10000000000000000e+03, 7.00738717972882674e-01, 0.00000000000000000e+00
 1.11000000000000000e+03, 7.12255560149447908e-01, 0.00000000000000000e+00
 1.12000000000000000e+03, 7.43828445062934773e-01, 0.00000000000000000e+00
 1.13000000000000000e+03, 7.79808750904418146e-01, 0.00000000000000000e+00
 1.14000000000000000e+03, 7.90419208892062408e-01, 0.00000000000000000e+00
 1.15000000000000000e+03, 7.65329195662385109e-01, 0.00000000000000000e+00
 1.16000000000000000e+03, 8.00742167105836122e-01, 0.00000000000000000e+00
 1.17000000000000000e+03, 7.94167773954393863e-01, 0.00000000000000000e+00
 1.18000000000000000e+03, 8.01155472736434837e-01, 0.00000000000000000e+00
 1.19000000000000000e+03, 8.12998098498098121e-01, 0.00000000000000000e+00
 1.20000000000000000e+03, 8.13506731521288828e-01, 0.00000000000000000e+00
 1.21000000000000000e+03, 8.34004281912524181e-01, 0.00000000000000000e+00
 1.22000000000000000e+03, 8.27398704706805099e-01, 0.00000000000000000e+00
 1.23000000000000000e+03, 8.20980762610219683e-01, 0.00000000000000000e+00
 1.24000000000000000e+03, 8.26838794926466059e-01, 0.00000000000000000e+00
 1.25000000000000000e+03, 8.26658335813855283e-01, 0.00000000000000000e+00
 1.26000000000000000e+03, 8.42986617848641262e-01, 0.00000000000000000e+00
 1.27000000000000000e+03, 8.21358669411716091e-01, 0.00000000000000000e+00
 1.28000000000000000e+03, 8.28835358476063488e-01, 0.00000000000000000e+00
 1.29000000000000000e+03, 8.13933261566667898e-01, 0.00000000000000000e+00
 1.30000000000000000e+03, 7.91907867043167291e-01, 0.00000000000000000e+00
 1.31000000000000000e+03, 8.34552249654812006e-01, 0.00000000000000000e+00
 1.32000000000000000e+03, 8.37586475528259822e-01, 0.00000000000000000e+00
 1.33000000000000000e+03, 8.16578641075465628e-01, 0.00000000000000000e+00
 1.34000000000000000e+03, 8.56493931195744240e-01, 0.00000000000000000e+00
 1.35000000000000000e+03, 8.07460729699840951e-01, 0.00000000000000000e+00
 1.36000000000000000e+03, 8.27361620667393383e-01, 0.00000000000000000e+00
 1.37000000000000000e+03, 8.24365476209132253e-01, 0.00000000000000000e+00
 1.38000000000000000e+03, 8.47131372389095527e-01, 0.00000000000000000e+00
 1.39000000000000000e+03, 8.46343664925335193e-01, 0.00000000000000000e+00
 1.40000000000000000e+03, 8.29032617983652353e-01, 0.00000000000000000e+00
 1.41000000000000000e+03, 8.32010112628465803e-01, 0.00000000000000000e+00
 1.42000000000000000e+03, 8.15324213134635101e-01, 0.00000000000000000e+00
 1.43000000000000000e+03, 8.00915985999941182e-01, 0.00000000000000000e+00
 1.44000000000000000e+03, 8.22485517100362662e-01, 0.00000000000000000e+00
 1.45000000000000000e+03, 8.29154009891827193e-01, 0.00000000000000000e+00
 1.46000000000000000e+03, 8.43339720800936887e-01, 0.00000000000000000e+00
 1.47000000000000000e+03, 8.42978974269159687e-01, 0.00000000000000000e+00
 1.48000000000000000e+03, 8.22000924721254189e-01, 0.00000000000000000e+00
 1.49000000000000000e+03, 8.23128072616586270e-01, 0.00000000000000000e+00
 1.50000000000000000e+03, 8.13281410949072359e-01, 0.00000000000000000e+00
 1.51000000000000000e+03, 8.08381124940805385e-01, 0.00000000000000000e+00
 1.52000000000000000e+03, 8.04605019717555381e-01, 0.00000000000000000e+00
 1.53000000000000000e+03, 8.52879942762114984e-01, 0.00000000000000000e+00
 1.54000000000000000e+03, 8.20403810152250612e-01, 0.00000000000000000e+00
 1.55000000000000000e+03, 8.21349814119853860e-01, 0.00000000000000000e+00
 1.56000000000000000e+03, 8.10596430164087112e-01, 0.00000000000000000e+00
 1.57000000000000000e+03, 8.37396908447959554e-01, 0.00000000000000000e+00
 1.58000000000000000e+03, 8.05831113084786610e-01, 0.00000000000000000e+00
 1.59000000000000000e+03, 8.24326846773135724e-01, 0.00000000000000000e+00
 1.60000000000000000e+03, 8.15315188805694313e-01, 0.00000000000000000e+00
 1.61000000000000000e+03, 8.32242718771062484e-01, 0.00000000000000000e+00
 1.62000000000000000e+03, 8.20393233409645872e-01, 0.00000000000000000e+00
 1.63000000000000000e+03, 8.11551711137606047e-01, 0.00000000000000000e+00
 1.64000000000000000e+03, 8.26764224505205592e-01, 0.00000000000000000e+00
 1.65000000000000000e+03, 8.32790371530532036e-01, 0.00000000000000000e+00
 1.66000000000000000e+03, 8.28014558329283168e-01, 0.00000000000000000e+00
 1.67000000000000000e+03, 8.31129278139931427e-01, 0.00000000000000000e+00
 1.68000000000000000e+03, 8.18763688308781656e-01, 0.00000000000000000e+00
 1.69000000000000000e+03, 8.22348630553386140e-01, 0.00000000000000000e+00
 1.70000000000000000e+03, 8.18260390169204488e-01, 0.00000000000000000e+00
 1.71000000000000000e+03, 8.22390803786623992e-01, 0.00000000000000000e+00
 1.72000000000000000e+03, 8.16403395903898876e-01, 0.00000000000000000e+00
 1.73000000000000000e+03, 8.04350012298415296e-01, 0.00000000000000000e+00
 1.74000000000000000e+03, 8.29478982964949707e-01, 0.00000000000000000e+00
 1.75000000000000000e+03, 8.21833457954477153e-01, 0.00000000000000000e+00
 1.76000000000000000e+03, 8.05618359033031695e-01, 0.00000000000000000e+00
 1.77000000000000000e+03, 8.33245717121757101e-01, 0.00000000000000000e+00
 1.78000000000000000e+03, 8.15160667299938302e-01, 0.00000000000000000e+00
 1.79000000000000000e+03, 8.27822697963902510e-01, 0.00000000000000000e+00
 1.80000000000000000e+03, 8.36761026370398620e-01, 0.00000000000000000e+00
 1.81000000000000000e+03, 8.28839617116921556e-01, 0.00000000000000000e+00
 1.82000000000000000e+03, 8.42177138709786499e-01, 0.00000000000000000e+00
 1.83000000000000000e+03, 8.10837352612568729e-01, 0.00000000000000000e+00
 1.84000000000000000e+03, 8.32447964691996112e-01, 0.00000000000000000e+00
 1.85000000000000000e+03, 8.18097561915883786e-01, 0.00000000000000000e+00
 1.86000000000000000e+03, 8.15642530496709872e-01, 0.00000000000000000e+00
 1.87000000000000000e+03, 8.19496234536971735e-01, 0.00000000000000000e+00
 1.88000000000000000e+03, 8.23024556117820327e-01, 0.00000000000000000e+00
 1.89000000000000000e+03, 8.27878427592809829e-01, 0.00000000000000000e+00
 1.90000000000000000e+03, 8.11757061935069468e-01, 0.00000000000000000e+00
 1.91000000000000000e+03, 8.39027944825737393e-01, 0.00000000000000000e+00
 1.92000000000000000e+03, 8.33283777598051389e-01, 0.00000000000000000e+00
 1.93000000000000000e+03, 8.06858616334542256e-01, 0.00000000000000000e+00
 1.94000000000000000e+03, 8.46781956808036584e-01, 0.00000000000000000e+00
 1.95000000000000000e+03, 8.52162760452645829e-01, 0.00000000000000000e+00
 1.96000000000000000e+03, 8.42696911413901795e-01, 0.00000000000000000e+00
 1.97000000000000000e+03, 8.24762015712287022e-01, 0.00000000000000000e+00
 1.98000000000000000e+03, 8.13003088835999033e-01, 0.00000000000000000e+00
 1.99000000000000000e+03, 8.41055785295472869e-01, 0.00000000000000000e+00
 2.00000000000000000e+03, 8.21815087098576869e-01, 0.00000000000000000e+00
 2.01000000000000000e+03, 8.43273300057153841e-01, 0.00000000000000000e+00
 2.02000000000000000e+03, 8.29886259255491532e-01, 0.00000000000000000e+00
 2.03000000000000000e+03, 8.40028667709036503e-01, 0.00000000000000000e+00
 2.04000000000000000e+03, 8.31841072126071945e-01, 0.00000000000000000e+00
 2.05000000000000000e+03, 8.36463804924843513e-01, 0.00000000000000000e+00
 2.06000000000000000e+03, 8.27275642708312442e-01, 0.00000000000000000e+00
 2.07000000000000000e+03, 8.50710536224797531e-01, 0.00000000000000000e+00
 2.08000000000000000e+03, 8.28812288430463395e-01, 0.00000000000000000e+00
 2.09000000000000000e+03, 8.32443311017169729e-01, 0.00000000000000000e+00
 2.10000000000000000e+03, 8.51994642531092805e-01, 0.00000000000000000e+00
 2.11000000000000000e+03, 8.09346634858828629e-01, 0.00000000000000000e+00
 2.12000000000000000e+03, 8.10366655274346814e-01, 0.00000000000000000e+00
 2.13000000000000000e+03, 8.39933096757939479e-01, 0.00000000000000000e+00
 2.14000000000000000e+03, 8.11651834329885413e-01, 0.00000000000000000e+00
 2.15000000000000000e+03, 8.52792866017570761e-01, 0.00000000000000000e+00
 2.16000000000000000e+03, 8.21677298811700818e-01, 0.00000000000000000e+00
 2.17000000000000000e+03, 8.17270668584643034e-01, 0.00000000000000000e+00
 2.18000000000000000e+03, 8.52519909143842791e-01, 0.00000000000000000e+00
 2.19000000000000000e+03, 8.46679871281521002e-01, 0.00000000000000000e+00
 2.20000000000000000e+03, 8.51788855042508786e-01, 0.00000000000000000e+00
 2.21000000000000000e+03, 8.39096865790200597e-01, 0.00000000000000000e+00
 2.22000000000000000e+03, 8.15768895283343953e-01, 0.00000000000000000e+00
 2.23000000000000000e+03, 8.52349931610175804e-01, 0.00000000000000000e+00
 2.24000000000000000e+03, 8.23599432522831076e-01, 0.00000000000000000e+00
 2.25000000000000000e+03, 8.37729504216611853e-01, 0.00000000000000000e+00
 2.26000000000000000e+03, 8.39640808412833728e-01, 0.00000000000000000e+00
 2.27000000000000000e+03, 8.25090951601629929e-01, 0.00000000000000000e+00
 2.28000000000000000e+03, 8.35242934511826851e-01, 0.00000000000000000e+00
 2.29000000000000000e+03, 8.39310216317776137e-01, 0.00000000000000000e+00
 2.30000000000000000e+03, 8.32105905949445668e-01, 0.00000000000000000e+00
 2.31000000000000000e+03, 8.12624998242927998e-01, 0.00000000000000000e+00
 2.32000000000000000e+03, 8.31073831155917486e-01, 0.00000000000000000e+00
 2.33000000000000000e+03, 8.44645378271546954e-01, 0.00000000000000000e+00
 2.34000000000000000e+03, 8.17968784212494304e-01, 0.00000000000000000e+00
 2.35000000000000000e+03, 8.25161904278905234e-01, 0.00000000000000000e+00
 2.36000000000000000e+03, 8.21393053512745386e-01, 0.00000000000000000e+00
 2.37000000000000000e+03, 8.51547361649557244e-01, 0.00000000000000000e+00
 2.38000000000000000e+03, 8.36011371088400512e-01, 0.00000000000000000e+00
 2.39000000000000000e+03, 8.32515576187460082e-01, 0.00000000000000000e+00
 2.40000000000000000e+03, 8.16974187174520194e-01, 0.00000000000000000e+00
 2.41000000000000000e+03, 8.34255167805955655e-01, 0.00000000000000000e+00
 2.42000000000000000e+03, 8.18235886157078096e-01, 0.00000000000000000e+00
 2.43000000000000000e+03, 8.27557239071396000e-01, 0.00000000000000000e+00
 2.44000000000000000e+03, 8.18743905470838862e-01, 0.00000000000000000e+00
 2.45000000000000000e+03, 8.36065990728983466e-01, 0.00000000000000000e+00
 2.46000000000000000e+03, 8.34748067829111595e-01, 0.00000000000000000e+00
 2.47000000000000000e+03, 8.24387524110698378e-01, 0.00000000000000000e+00
 2.48000000000000000e+03, 8.32364354924969407e-01, 0.00000000000000000e+00
 2.49000000000000000e+03, 8.12708653054589503e-01, 0.00000000000000000e+00
 2.50000000000000000e+03, 8.07452463437335677e-01, 0.00000000000000000e+00
 2.51000000000000000e+03, 8.32937032870128768e-01, 0.00000000000000000e+00
 2.52000000000000000e+03, 8.29337151389076932e-01, 0.00000000000000000e+00
 2.53000000000000000e+03, 8.35519475162575520e-01, 0.00000000000000000e+00
 2.54000000000000000e+03, 8.58594570303560789e-01, 0.00000000000000000e+00
 2.55000000000000000e+03, 8.39604187744520392e-01, 0.00000000000000000e+00
 2.56000000000000000e+03, 8.15087804570439833e-01, 0.00000000000000000e+00
 2.57000000000000000e+03, 8.41881672597639463e-01, 0.00000000000000000e+00
 2.58000000000000000e+03, 8.09767079084458663e-01, 0.00000000000000000e+00
 2.59000000000000000e+03, 8.21044139458763755e-01, 0.00000000000000000e+00
 2.60000000000000000e+03, 8.26236266475493863e-01, 0.00000000000000000e+00
 2.61000000000000000e+03, 8.49753179104716039e-01, 0.00000000000000000e+00
 2.62000000000000000e+03, 8.17306291135884488e-01, 0.00000000000000000e+00
 2.63000000000000000e+03, 8.16228065784285417e-01, 0.00000000000000000e+00
 2.64000000000000000e+03, 8.25837480984136008e-01, 0.00000000000000000e+00
 2.65000000000000000e+03, 8.18379140847229625e-01, 0.00000000000000000e+00
 2.66000000000000000e+03, 8.42008648432505225e-01, 0.00000000000000000e+00
 2.67000000000000000e+03, 8.12881958500524471e-01, 0.00000000000000000e+00
 2.68000000000000000e+03, 8.11990468469708349e-01, 0.00000000000000000e+00
 2.69000000000000000e+03, 8.21357830157648849e-01, 0.00000000000000000e+00
 2.70000000000000000e+03, 8.20563025943988000e-01, 0.00000000000000000e+00
 2.71000000000000000e+03, 8.52606876932663016e-01, 0.00000000000000000e+00
 2.72000000000000000e+03, 8.39669407991042505e-01, 0.00000000000000000e+00
 2.73000000000000000e+03, 8.28292729235331482e-01, 0.00000000000000000e+00
 2.74000000000000000e+03, 8.10961303505883691e-01, 0.00000000000000000e+00
 2.75000000000000000e+03, 8.38282643148197337e-01, 0.00000000000000000e+00
 2.76000000000000000e+03, 8.13934208783159585e-01, 0.00000000000000000e+00
 2.77000000000000000e+03, 8.06746072407881876e-01, 0.00000000000000000e+00
 2.78000000000000000e+03, 8.42819043672570323e-01, 0.00000000000000000e+00
 2.79000000000000000e+03, 8.31320692434520447e-01, 0.00000000000000000e+00
 2.80000000000000000e+03, 8.39292385993920087e-01, 0.00000000000000000e+00
 2.81000000000000000e+03, 8.31344254124960491e-01, 0.00000000000000000e+00
 2.82000000000000000e+03, 8.38447212796414987e-01, 0.00000000000000000e+00
 2.83000000000000000e+03, 8.18543510531902219e-01, 0.00000000000000000e+00
 2.84000000000000000e+03, 8.13485042530940894e-01, 0.00000000000000000e+00
 2.85000000000000000e+03, 8.36134095401602107e-01, 0.00000000000000000e+00
 2.86000000000000000e+03, 8.16532039953625111e-01, 0.00000000000000000e+00
 2.87000000000000000e+03, 8.18034990261388484e-01, 0.00000000000000000e+00
 2.88000000000000000e+03, 8.21124018138659539e-01, 0.00000000000000000e+00
 2.89000000000000000e+03, 8.27367771995932033e-01, 0.00000000000000000e+00
 2.90000000000000000e+03, 8.22464327438173215e-01, 0.00000000000000000e+00
 2.91000000000000000e+03, 8.08987690025614326e-01, 0.00000000000000000e+00
 2.92000000000000000e+03, 8.18641284279335579e-01, 0.00000000000000000e+00
 2.93000000000000000e+03, 7.97788125755239053e-01, 0.00000000000000000e+00
 2.94000000000000000e+03, 8.35390102759795972e-01, 0.00000000000000000e+00
 2.95000000000000000e+03, 8.05989886871517180e-01, 0.00000000000000000e+00
 2.96000000000000000e+03, 8.12559188245903230e-01, 0.00000000000000000e+00
 2.97000000000000000e+03, 8.27825627858868818e-01, 0.00000000000000000e+00
 2.98000000000000000e+03, 8.17374817835846645e-01, 0.00000000000000000e+00
 2.99000000000000000e+03, 8.47504842716381268e-01, 0.00000000000000000e+00
 3.00000000000000000e+03, 8.10071339614564789e-01, 0.00000000000000000e+00
 3.01000000000000000e+03, 8.30662123165217370e-01, 0.00000000000000000e+00
 3.02000000000000000e+03, 8.26618519149898368e-01, 0.00000000000000000e+00
 3.03000000000000000e+03, 8.11718218041229789e-01, 0.00000000000000000e+00
 3.04000000000000000e+03, 8.34044303996816394e-01, 0.00000000000000000e+00
 3.05000000000000000e+03, 8.24872640378289890e-01, 0.00000000000000000e+00
 3.06000000000000000e+03, 8.37324687106084209e-01, 0.00000000000000000e+00
 3.07000000000000000e+03, 8.38007306549810815e-01, 0.00000000000000000e+00
 3.08000000000000000e+03, 8.55691766143977017e-01, 0.00000000000000000e+00
 3.09000000000000000e+03, 8.44779220451342794e-01, 0.00000000000000000e+00
 3.10000000000000000e+03, 8.22263851173352212e-01, 0.00000000000000000e+00
 3.11000000000000000e+03, 8.23977246216471060e-01, 0.00000000000000000e+00
 3.12000000000000000e+03, 8.41652557964106096e-01, 0.00000000000000000e+00
 3.13000000000000000e+03, 8.35786532494271150e-01, 0.00000000000000000e+00
 3.14000000000000000e+03, 8.35586787356742300e-01, 0.00000000000000000e+00
 3.15000000000000000e+03, 8.05793231404828836e-01, 0.00000000000000000e+00
 3.16000000000000000e+03, 8.26815946339870989e-01, 0.00000000000000000e+00
 3.17000000000000000e+03, 8.17395043188125836e-01, 0.00000000000000000e+00
 3.18000000000000000e+03, 8.30832055920985968e-01, 0.00000000000000000e+00
 3.19000000000000000e+03, 8.25841466111344125e-01, 0.00000000000000000e+00
 3.20000000000000000e+03, 8.39151412900282279e-01, 0.00000000000000000e+00
 3.21000000000000000e+03, 8.31324331831398644e-01, 0.00000000000000000e+00
 3.22000000000000000e+03, 8.37516580587481019e-01, 0.00000000000000000e+00
 3.23000000000000000e+03, 8.20980319527623958e-01, 0.00000000000000000e+00
 3.24000000000000000e+03, 8.14670361164211987e-01, 0.00000000000000000e+00
 3.25000000000000000e+03, 8.21724395951523245e-01, 0.00000000000000000e+00
 3.26000000000000000e+03, 8.26912382620731079e-01, 0.00000000000000000e+00
 3.27000000000000000e+03, 8.32141855198146985e-01, 0.00000000000000000e+00
 3.28000000000000000e+03, 8.56959930667040681e-01, 0.00000000000000000e+00
 3.29000000000000000e+03, 8.26579258369857683e-01, 0.00000000000000000e+00
 3.30000000000000000e+03, 8.14518579044656743e-01, 0.00000000000000000e+00
 3.31000000000000000e+03, 8.22570093917610712e-01, 0.00000000000000000e+00
 3.32000000000000000e+03, 8.21017586824264289e-01, 0.00000000000000000e+00
 3.33000000000000000e+03, 8.33492609503993398e-01, 0.00000000000000000e+00
 3.34000000000000000e+03, 8.06798533848717248e-01, 0.00000000000000000e+00
 3.35000000000000000e+03, 8.27972113125236553e-01, 0.00000000000000000e+00
 3.36000000000000000e+03, 8.29202941194166043e-01, 0.00000000000000000e+00
 3.37000000000000000e+03, 8.30201844661413779e-01, 0.00000000000000000e+00
 3.38000000000000000e+03, 8.19252482962939288e-01, 0.00000000000000000e+00
 3.39000000000000000e+03, 8.23996488329492571e-01, 0.00000000000000000e+00
 3.40000000000000000e+03, 8.08339451251027019e-01, 0.00000000000000000e+00
 3.41000000000000000e+03, 8.20625232875515920e-01, 0.00000000000000000e+00
 3.42000000000000000e+03, 8.19971283937337647e-01, 0.00000000000000000e+00
 3.43000000000000000e+03, 8.32628916114680151e-01, 0.00000000000000000e+00
 3.44000000000000000e+03, 8.11875447485509882e-01, 0.00000000000000000e+00
 3.45000000000000000e+03, 8.37448870607768625e-01, 0.00000000000000000e+00
 3.46000000000000000e+03, 8.46864251730077067e-01, 0.00000000000000000e+00
 3.47000000000000000e+03, 7.99813253488012132e-01, 0.00000000000000000e+00
 3.48000000000000000e+03, 8.32763671137516148e-01, 0.00000000000000000e+00
 3.49000000000000000e+03, 8.36072242024202494e-01, 0.00000000000000000e+00
 3.50000000000000000e+03, 8.18722887292424262e-01, 0.00000000000000000e+00
 3.51000000000000000e+03, 8.21893068145685524e-01, 0.00000000000000000e+00
 3.52000000000000000e+03, 8.25383032532840399e-01, 0.00000000000000000e+00
 3.53000000000000000e+03, 8.23206216607947350e-01, 0.00000000000000000e+00
 3.54000000000000000e+03, 8.23058085080438540e-01, 0.00000000000000000e+00
 3.55000000000000000e+03, 8.05013806080712380e-01, 0.00000000000000000e+00
 3.56000000000000000e+03, 8.42347833028259108e-01, 0.00000000000000000e+00
 3.57000000000000000e+03, 8.41388021833157307e-01, 0.00000000000000000e+00
 3.58000000000000000e+03, 8.16400648238069571e-01, 0.00000000000000000e+00
 3.59000000000000000e+03, 8.07780255369858535e-01, 0.00000000000000000e+00
 3.60000000000000000e+03, 8.34015112899157085e-01, 0.00000000000000000e+00
 3.61000000000000000e+03, 8.19536655357268273e-01, 0.00000000000000000e+00
 3.62000000000000000e+03, 8.29010838338995470e-01, 0.00000000000000000e+00
 3.63000000000000000e+03, 8.22921921496595155e-01, 0.00000000000000000e+00
 3.64000000000000000e+03, 8.36265368132024234e-01, 0.00000000000000000e+00
 3.65000000000000000e+03, 8.36307745324231466e-01, 0.00000000000000000e+00
 3.66000000000000000e+03, 8.17559171237263183e-01, 0.00000000000000000e+00
 3.67000000000000000e+03, 8.08876652421563147e-01, 0.00000000000000000e+00
 3.68000000000000000e+03, 8.06242269786930921e-01, 0.00000000000000000e+00
 3.69000000000000000e+03, 8.35194064501915578e-01, 0.00000000000000000e+00
 3.70000000000000000e+03, 8.11444114560430529e-01, 0.00000000000000000e+00
 3.71000000000000000e+03, 8.20447080951358210e-01, 0.00000000000000000e+00
 3.72000000000000000e+03, 8.19265711584825418e-01, 0.00000000000000000e+00
 3.73000000000000000e+03, 8.26443168645144666e-01, 0.00000000000000000e+00
 3.74000000000000000e+03, 8.01578163581426861e-01, 0.00000000000000000e+00
 3.75000000000000000e+03, 8.29628934558053532e-01, 0.00000000000000000e+00
 3.76000000000000000e+03, 8.34052418655745864e-01, 0.00000000000000000e+00
 3.77000000000000000e+03, 8.28304228749776938e-01, 0.00000000000000000e+00
 3.78000000000000000e+03, 8.23033359792822772e-01, 0.00000000000000000e+00
 3.79000000000000000e+03, 8.28422739511156747e-01, 0.00000000000000000e+00
 3.80000000000000000e+03, 8.32404469134644276e-01, 0.00000000000000000e+00
 3.81000000000000000e+03, 7.90538833041677047e-01, 0.00000000000000000e+00
 3.82000000000000000e+03, 8.52955099948168871e-01, 0.00000000000000000e+00
 3.83000000000000000e+03, 8.32286289389836953e-01, 0.00000000000000000e+00
 3.84000000000000000e+03, 8.18525264292198407e-01, 0.00000000000000000e+00
 3.85000000000000000e+03, 8.21976473074744529e-01, 0.00000000000000000e+00
 3.86000000000000000e+03, 8.33654449133815367e-01, 0.00000000000000000e+00
 3.87000000000000000e+03, 8.25604485721118109e-01, 0.00000000000000000e+00
 3.88000000000000000e+03, 8.00332022783110331e-01, 0.00000000000000000e+00
 3.89000000000000000e+03, 8.54388363567021192e-01, 0.00000000000000000e+00
 3.90000000000000000e+03, 8.25677921158567529e-01, 0.00000000000000000e+00
 3.91000000000000000e+03, 8.40603337663257677e-01, 0.00000000000000000e+00
 3.92000000000000000e+03, 8.18001999909951705e-01, 0.00000000000000000e+00
 3.93000000000000000e+03, 8.47417235046278972e-01, 0.00000000000000000e+00
 3.94000000000000000e+03, 8.30916794650482071e-01, 0.00000000000000000e+00
 3.95000000000000000e+03, 8.35173796596298978e-01, 0.00000000000000000e+00
 3.96000000000000000e+03, 8.13339713569360301e-01, 0.00000000000000000e+00
 3.97000000000000000e+03, 8.43124175844655821e-01, 0.00000000000000000e+00
 3.98000000000000000e+03, 8.36242657808022982e-01, 0.00000000000000000e+00
 3.99000000000000000e+03, 8.44321428278625219e-01, 0.00000000000000000e+00
 4.00000000000000000e+03, 8.18846302270094917e-01, 0.00000000000000000e+00
 4.01000000000000000e+03, 8.20787500099379286e-01, 0.00000000000000000e+00
 4.02000000000000000e+03, 8.57548758474797612e-01, 0.00000000000000000e+00
 4.03000000000000000e+03, 8.13144849204271769e-01, 0.00000000000000000e+00
 4.04000000000000000e+03, 8.25342522010496626e-01, 0.00000000000000000e+00
 4.05000000000000000e+03, 8.42144024037396188e-01, 0.00000000000000000e+00
 4.06000000000000000e+03, 8.28427027612711808e-01, 0.00000000000000000e+00
 4.07000000000000000e+03, 8.34832046595607613e-01, 0.00000000000000000e+00
 4.08000000000000000e+03, 8.21864330816644673e-01, 0.00000000000000000e+00
 4.09000000000000000e+03, 8.32021795698522859e-01, 0.00000000000000000e+00
 4.10000000000000000e+03, 8.09890903507930138e-01, 0.00000000000000000e+00
 4.11000000000000000e+03, 8.49024382889485119e-01, 0.00000000000000000e+00
 4.12000000000000000e+03, 8.25577292486213143e-01, 0.00000000000000000e+00
 4.13000000000000000e+03, 8.18158705548142628e-01, 0.00000000000000000e+00
 4.14000000000000000e+03, 8.35933314478227052e-01, 0.00000000000000000e+00
 4.15000000000000000e+03, 8.21055556551804289e-01, 0.00000000000000000e+00
 4.16000000000000000e+03, 8.09524845868075493e-01, 0.00000000000000000e+00
 4.17000000000000000e+03, 8.09360386554562994e-01, 0.00000000000000000e+00
 4.18000000000000000e+03, 8.36294863182247772e-01, 0.00000000000000000e+00
 4.19000000000000000e+03, 8.25030688113912003e-01, 0.00000000000000000e+00
 4.20000000000000000e+03, 8.25372196835490013e-01, 0.00000000000000000e+00
 4.21000000000000000e+03, 8.41363275582545422e-01, 0.00000000000000000e+00
 4.22000000000000000e+03, 8.12262956583398310e-01, 0.00000000000000000e+00
 4.23000000000000000e+03, 8.17492110831192220e-01, 0.00000000000000000e+00
 4.24000000000000000e+03, 8.22056643592436354e-01, 0.00000000000000000e+00
 4.25000000000000000e+03, 8.28382497995853173e-01, 0.00000000000000000e+00
 4.26000000000000000e+03, 8.26580393931356405e-01, 0.00000000000000000e+00
 4.27000000000000000e+03, 8.23350146219237300e-01, 0.00000000000000000e+00
 4.28000000000000000e+03, 8.26323588720380697e-01, 0.00000000000000000e+00
 4.29000000000000000e+03, 8.25720627649126793e-01, 0.00000000000000000e+00
 4.30000000000000000e+03, 8.17638279434280912e-01, 0.00000000000000000e+00
 4.31000000000000000e+03, 8.16405549980112610e-01, 0.00000000000000000e+00
 4.32000000000000000e+03, 8.30760673415711914e-01, 0.00000000000000000e+00
 4.33000000000000000e+03, 8.15376978461811674e-01, 0.00000000000000000e+00
 4.34000000000000000e+03, 8.11859968198497928e-01, 0.00000000000000000e+00
 4.35000000000000000e+03, 8.23014799966290012e-01, 0.00000000000000000e+00
 4.36000000000000000e+03, 8.25055853127986127e-01, 0.00000000000000000e+00
 4.37000000000000000e+03, 8.56925807964751707e-01, 0.00000000000000000e+00
 4.38000000000000000e+03, 8.17835014217047629e-01, 0.00000000000000000e+00
 4.39000000000000000e+03, 8.39588099484748995e-01, 0.00000000000000000e+00
 4.40000000000000000e+03, 8.36999943982322248e-01, 0.00000000000000000e+00
 4.41000000000000000e+03, 8.11442984616668750e-01, 0.00000000000000000e+00
 4.42000000000000000e+03, 8.37343997380476934e-01, 0.00000000000000000e+00
 4.43000000000000000e+03, 8.11509833680482795e-01, 0.00000000000000000e+00
 4.44000000000000000e+03, 7.92035984640616864e-01, 0.00000000000000000e+00
 4.45000000000000000e+03, 8.35140475953724537e-01, 0.00000000000000000e+00
 4.46000000000000000e+03, 8.03959302579677404e-01, 0.00000000000000000e+00
 4.47000000000000000e+03, 8.33089393224635266e-01, 0.00000000000000000e+00
 4.48000000000000000e+03, 8.18108114525275432e-01, 0.00000000000000000e+00
 4.49000000000000000e+03, 8.49043128930589863e-01, 0.00000000000000000e+00
 4.50000000000000000e+03, 8.41241382536199289e-01, 0.00000000000000000e+00
 4.51000000000000000e+03, 8.21152365897601544e-01, 0.00000000000000000e+00
 4.52000000000000000e+03, 8.18057602084940938e-01, 0.00000000000000000e+00
 4.53000000000000000e+03, 8.11111236870623920e-01, 0.00000000000000000e+00
 4.54000000000000000e+03, 8.21316879885018780e-01, 0.00000000000000000e+00
 4.55000000000000000e+03, 8.23436366133527331e-01, 0.00000000000000000e+00
 4.56000000000000000e+03, 8.22323103921542065e-01, 0.00000000000000000e+00
 4.57000000000000000e+03, 8.29205549633524441e-01, 0.00000000000000000e+00
 4.58000000000000000e+03, 8.34773542549235081e-01, 0.00000000000000000e+00
 4.59000000000000000e+03, 8.31752497645675493e-01, 0.00000000000000000e+00
 4.60000000000000000e+03, 8.17050359050820019e-01, 0.00000000000000000e+00
 4.61000000000000000e+03, 8.08158211424091277e-01, 0.00000000000000000e+00
 4.62000000000000000e+03, 8.45148879303979195e-01, 0.00000000000000000e+00
 4.63000000000000000e+03, 8.18036329702589549e-01, 0.00000000000000000e+00
 4.64000000000000000e+03, 8.18526783447995898e-01, 0.00000000000000000e+00
 4.65000000000000000e+03, 8.20257360072120578e-01, 0.00000000000000000e+00
 4.66000000000000000e+03, 8.02808540958651840e-01, 0.00000000000000000e+00
 4.67000000000000000e+03, 8.20827802192477307e-01, 0.00000000000000000e+00
 4.68000000000000000e+03, 8.20805602324866324e-01, 0.00000000000000000e+00
 4.69000000000000000e+03, 8.35325788630732591e-01, 0.00000000000000000e+00
 4.70000000000000000e+03, 8.36356693482509517e-01, 0.00000000000000000e+00
 4.71000000000000000e+03, 8.27186834870793475e-01, 0.00000000000000000e+00
 4.72000000000000000e+03, 8.39437457692592925e-01, 0.00000000000000000e+00
 4.73000000000000000e+03, 8.31624596958757900e-01, 0.00000000000000000e+00
 4.74000000000000000e+03, 8.26930055316591917e-01, 0.00000000000000000e+00
 4.75000000000000000e+03, 8.29261311027314374e-01, 0.00000000000000000e+00
 4.76000000000000000e+03, 8.24620433105402895e-01, 0.00000000000000000e+00
 4.77000000000000000e+03, 8.21925045649202768e-01, 0.00000000000000000e+00
 4.78000000000000000e+03, 8.23602976560078526e-01, 0.00000000000000000e+00
 4.79000000000000000e+03, 8.12247309683176821e-01, 0.00000000000000000e+00
 4.80000000000000000e+03, 8.30838889779125789e-01, 0.00000000000000000e+00
 4.81000000000000000e+03, 8.14027827613917121e-01, 0.00000000000000000e+00
 4.82000000000000000e+03, 8.38246591972064081e-01, 0.00000000000000000e+00
 4.83000000000000000e+03, 8.23844206035139526e-01, 0.00000000000000000e+00
 4.84000000000000000e+03, 8.27790393056884954e-01, 0.00000000000000000e+00
 4.85000000000000000e+03, 8.33655704750719484e-01, 0.00000000000000000e+00
 4.86000000000000000e+03, 8.35628810246216047e-01, 0.00000000000000000e+00
 4.87000000000000000e+03, 8.06404830315865850e-01, 0.00000000000000000e+00
 4.88000000000000000e+03, 8.24405930785772623e-01, 0.00000000000000000e+00
 4.89000000000000000e+03, 8.38755420950780373e-01, 0.00000000000000000e+00
 4.90000000000000000e+03, 8.04722062493852919e-01, 0.00000000000000000e+00
 4.91000000000000000e+03, 8.32249161583485608e-01, 0.00000000000000000e+00
 4.92000000000000000e+03, 7.97363611476941458e-01, 0.00000000000000000e+00
 4.93000000000000000e+03, 8.13639968964707361e-01, 0.00000000000000000e+00
 4.94000000000000000e+03, 8.27646982579502422e-01, 0.00000000000000000e+00
 4.95000000000000000e+03, 8.05268419937944402e-01, 0.00000000000000000e+00
 4.96000000000000000e+03, 8.14128317543412972e-01, 0.00000000000000000e+00
 4.97000000000000000e+03, 8.07708837173441441e-01, 0.00000000000000000e+00
 4.98000000000000000e+03, 8.48892440367085221e-01, 0.00000000000000000e+00
 4.99000000000000000e+03, 8.29304865623230358e-01, 0.00000000000000000e+00
 5.00000000000000000e+03, 8.34625290906172435e-01, 0.00000000000000000e+00
 5.01000000000000000e+03, 8.24197747898304134e-01, 0.00000000000000000e+00
 5.02000000000000000e+03, 8.22471760126963880e-01, 0.00000000000000000e+00
 5.03000000000000000e+03, 8.05799599904687414e-01, 0.00000000000000000e+00
 5.04000000000000000e+03, 8.23284805989798807e-01, 0.00000000000000000e+00
 5.05000000000000000e+03, 8.17085361964214218e-01, 0.00000000000000000e+00
 5.06000000000000000e+03, 8.38461654941711210e-01, 0.00000000000000000e+00
 5.07000000000000000e+03, 8.42199603760724558e-01, 0.00000000000000000e+00
 5.08000000000000000e+03, 8.46495898145083192e-01, 0.00000000000000000e+00
 5.09000000000000000e+03, 8.38390744677919519e-01, 0.00000000000000000e+00
 5.10000000000000000e+03, 8.19234827086042450e-01, 0.00000000000000000e+00
 5.11000000000000000e+03, 8.12407218814010901e-01, 0.00000000000000000e+00
 5.12000000000000000e+03, 8.37257013000532790e-01, 0.00000000000000000e+00
 5.13000000000000000e+03, 8.31840124166448924e-01, 0.00000000000000000e+00
 5.14000000000000000e+03, 8.03792351398742722e-01, 0.00000000000000000e+00
 5.15000000000000000e+03, 8.31829418582629376e-01, 0.00000000000000000e+00
 5.16000000000000000e+03, 8.37888720544851084e-01, 0.00000000000000000e+00
 5.17000000000000000e+03, 8.27914876633675911e-01, 0.00000000000000000e+00
 5.18000000000000000e+03, 8.24694350366489970e-01, 0.00000000000000000e+00
 5.19000000000000000e+03, 8.16476098753479373e-01, 0.00000000000000000e+00
 5.20000000000000000e+03, 8.08042800720848331e-01, 0.00000000000000000e+00
 5.21000000000000000e+03, 8.37700991650310534e-01, 0.00000000000000000e+00
 5.22000000000000000e+03, 8.23056748010840278e-01, 0.00000000000000000e+00
 5.23000000000000000e+03, 8.24055298711122375e-01, 0.00000000000000000e+00
 5.24000000000000000e+03, 8.50008978271371229e-01, 0.00000000000000000e+00
 5.25000000000000000e+03, 8.36172473173987352e-01, 0.00000000000000000e+00
 5.26000000000000000e+03, 8.32031948538631161e-01, 0.00000000000000000e+00
 5.27000000000000000e+03, 8.29012274307334263e-01, 0.00000000000000000e+00
 5.28000000000000000e+03, 8.47200990596980619e-01, 0.00000000000000000e+00
 5.29000000000000000e+03, 8.49835637247643549e-01, 0.00000000000000000e+00
 5.30000000000000000e+03, 8.39406525815024174e-01, 0.00000000000000000e+00
 5.31000000000000000e+03, 8.34822422902559369e-01, 0.00000000000000000e+00
 5.32000000000000000e+03, 7.99488297707665163e-01, 0.00000000000000000e+00
 5.33000000000000000e+03, 8.28770187465815766e-01, 0.00000000000000000e+00
 5.34000000000000000e+03, 8.25419646351791436e-01, 0.00000000000000000e+00
 5.35000000000000000e+03, 8.28377240723119912e-01, 0.00000000000000000e+00
 5.36000000000000000e+03, 8.39585266394837437e-01, 0.00000000000000000e+00
 5.37000000000000000e+03, 7.90973319381095274e-01, 0.00000000000000000e+00
 5.38000000000000000e+03, 8.19622138826875624e-01, 0.00000000000000000e+00
 5.39000000000000000e+03, 8.30699795361452442e-01, 0.00000000000000000e+00
 5.40000000000000000e+03, 8.20974696610757615e-01, 0.00000000000000000e+00
 5.41000000000000000e+03, 8.08433897066674678e-01, 0.00000000000000000e+00
 5.42000000000000000e+03, 8.38607375727133730e-01, 0.00000000000000000e+00
 5.43000000000000000e+03, 8.30791766796287190e-01, 0.00000000000000000e+00
 5.44000000000000000e+03, 8.14318477247140904e-01, 0.00000000000000000e+00
 5.45000000000000000e+03, 8.31292644613374154e-01, 0.00000000000000000e+00
 5.46000000000000000e+03, 8.37981988848447434e-01, 0.00000000000000000e+00
 5.47000000000000000e+03, 8.27206920315033956e-01, 0.00000000000000000e+00
 5.48000000000000000e+03, 8.37704512722531325e-01, 0.00000000000000000e+00
 5.49000000000000000e+03, 8.28170091561603483e-01, 0.00000000000000000e+00
 5.50000000000000000e+03, 8.21920034609526673e-01, 0.00000000000000000e+00
 5.51000000000000000e+03, 8.11832706294047579e-01, 0.00000000000000000e+00
 5.52000000000000000e+03, 8.26002770915330919e-01, 0.00000000000000000e+00
 5.53000000000000000e+03, 8.29701723749257769e-01, 0.00000000000000000e+00
 5.54000000000000000e+03, 8.38698049346570995e-01, 0.00000000000000000e+00
 5.55000000000000000e+03, 8.25617638305984558e-01, 0.00000000000000000e+00
 5.56000000000000000e+03, 8.33174942911109495e-01, 0.00000000000000000e+00
 5.57000000000000000e+03, 8.14404178346483265e-01, 0.00000000000000000e+00
 5.58000000000000000e+03, 8.16806352089421428e-01, 0.00000000000000000e+00
 5.59000000000000000e+03, 8.25679918217565811e-01, 0.00000000000000000e+00
 5.60000000000000000e+03, 8.13215961258294429e-01, 0.00000000000000000e+00
 5.61000000000000000e+03, 8.37964328453558061e-01, 0.00000000000000000e+00
 5.62000000000000000e+03, 8.33250377365653438e-01, 0.00000000000000000e+00
 5.63000000000000000e+03, 8.30821121126203543e-01, 0.00000000000000000e+00
 5.64000000000000000e+03, 8.31610591506449004e-01, 0.00000000000000000e+00
 5.65000000000000000e+03, 8.53814832082372965e-01, 0.00000000000000000e+00
 5.66000000000000000e+03, 8.20948049806586755e-01, 0.00000000000000000e+00
 5.67000000000000000e+03, 7.98078032135915993e-01, 0.00000000000000000e+00
 5.68000000000000000e+03, 8.29767819720131361e-01, 0.00000000000000000e+00
 5.69000000000000000e+03, 8.26469090396778405e-01, 0.00000000000000000e+00
 5.70000000000000000e+03, 8.20305805792509668e-01, 0.00000000000000000e+00
 5.71000000000000000e+03, 8.14216503026085281e-01, 0.00000000000000000e+00
 5.72000000000000000e+03, 8.21339755497606627e-01, 0.00000000000000000e+00
 5.73000000000000000e+03, 8.29530724466644331e-01, 0.00000000000000000e+00
 5.74000000000000000e+03, 8.20499876767861291e-01, 0.00000000000000000e+00
 5.75000000000000000e+03, 8.58981445801493937e-01, 0.00000000000000000e+00
 5.76000000000000000e+03, 8.14458399408932499e-01, 0.00000000000000000e+00
 5.77000000000000000e+03, 8.16667908073521964e-01, 0.00000000000000000e+00
 5.78000000000000000e+03, 7.96927272747644633e-01, 0.00000000000000000e+00
 5.79000000000000000e+03, 8.30456651568493909e-01, 0.00000000000000000e+00
 5.80000000000000000e+03, 8.00520489817425407e-01, 0.00000000000000000e+00
 5.81000000000000000e+03, 8.20016256157811818e-01, 0.00000000000000000e+00
 5.82000000000000000e+03, 8.23498206275928402e-01, 0.00000000000000000e+00
 5.83000000000000000e+03, 8.17768648196521286e-01, 0.00000000000000000e+00
 5.84000000000000000e+03, 8.50090176701472022e-01, 0.00000000000000000e+00
 5.85000000000000000e+03, 8.40263063337609251e-01, 0.00000000000000000e+00
 5.86000000000000000e+03, 8.44549664152397517e-01, 0.00000000000000000e+00
 5.87000000000000000e+03, 8.15489128993129642e-01, 0.00000000000000000e+00
 5.88000000000000000e+03, 8.42034499062152775e-01, 0.00000000000000000e+00
 5.89000000000000000e+03, 8.33684269914672038e-01, 0.00000000000000000e+00
 5.90000000000000000e+03, 8.37319615957637708e-01, 0.00000000000000000e+00
 5.91000000000000000e+03, 8.40725649987007051e-01, 0.00000000000000000e+00
 5.92000000000000000e+03, 8.15141382612186161e-01, 0.00000000000000000e+00
 5.93000000000000000e+03, 8.21536064873508387e-01, 0.00000000000000000e+00
 5.94000000000000000e+03, 8.38523324831322969e-01, 0.00000000000000000e+00
 5.95000000000000000e+03, 7.92082885465689057e-01, 0.00000000000000000e+00
 5.96000000000000000e+03, 8.47112988193895022e-01, 0.00000000000000000e+00
 5.97000000000000000e+03, 8.34438400762239185e-01, 0.00000000000000000e+00
 5.98000000000000000e+03, 8.26533765244554242e-01, 0.00000000000000000e+00
 5.99000000000000000e+03, 8.30047758591634266e-01, 0.00000000000000000e+00
 6.00000000000000000e+03, 8.13541911806131113e-01, 0.00000000000000000e+00
 6.01000000000000000e+03, 8.22517805143203051e-01, 0.00000000000000000e+00
 6.02000000000000000e+03, 8.41660810830057948e-01, 0.00000000000000000e+00
 6.03000000000000000e+03, 8.44270947609824463e-01, 0.00000000000000000e+00
 6.04000000000000000e+03, 8.62727215078327059e-01, 0.00000000000000000e+00
 6.05000000000000000e+03, 8.26161251998755564e-01, 0.00000000000000000e+00
 6.06000000000000000e+03, 8.18444158440799985e-01, 0.00000000000000000e+00
 6.07000000000000000e+03, 8.20349169260987221e-01, 0.00000000000000000e+00
 6.08000000000000000e+03, 8.13698904866170691e-01, 0.00000000000000000e+00
 6.09000000000000000e+03, 8.26109374849913092e-01, 0.00000000000000000e+00
 6.10000000000000000e+03, 8.32189125712662903e-01, 0.00000000000000000e+00
 6.11000000000000000e+03, 8.26685059541447553e-01, 0.00000000000000000e+00
 6.12000000000000000e+03, 8.41608836015026118e-01, 0.00000000000000000e+00
 6.13000000000000000e+03, 8.24045409082057589e-01, 0.00000000000000000e+00
 6.14000000000000000e+03, 8.22550709054192364e-01, 0.00000000000000000e+00
 6.15000000000000000e+03, 8.19464313779784792e-01, 0.00000000000000000e+00
 6.16000000000000000e+03, 8.05586281935013471e-01, 0.00000000000000000e+00
 6.17000000000000000e+03, 8.06442523727204486e-01, 0.00000000000000000e+00
 6.18000000000000000e+03, 8.11572173010226106e-01, 0.00000000000000000e+00
 6.19000000000000000e+03, 8.44315908246985769e-01, 0.00000000000000000e+00
 6.20000000000000000e+03, 8.38954493309324922e-01, 0.00000000000000000e+00
 6.21000000000000000e+03, 8.45286583389532220e-01, 0.00000000000000000e+00
 6.22000000000000000e+03, 8.09551863878263944e-01, 0.00000000000000000e+00
 6.23000000000000000e+03, 8.01151211819302489e-01, 0.00000000000000000e+00
 6.24000000000000000e+03, 8.18424314304074585e-01, 0.00000000000000000e+00
 6.25000000000000000e+03, 8.29457867918518277e-01, 0.00000000000000000e+00
 6.26000000000000000e+03, 8.33719769368786556e-01, 0.00000000000000000e+00
 6.27000000000000000e+03, 8.40970290203521098e-01, 0.00000000000000000e+00
 6.28000000000000000e+03, 8.30889549403963867e-01, 0.00000000000000000e+00
 6.29000000000000000e+03, 8.50140285658328665e-01, 0.00000000000000000e+00
 6.30000000000000000e+03, 8.24198662769322077e-01, 0.00000000000000000e+00
 6.31000000000000000e+03, 8.15084412083653564e-01, 0.00000000000000000e+00
 6.32000000000000000e+03, 8.04944977321044086e-01, 0.00000000000000000e+00
 6.33000000000000000e+03, 8.15402635842275680e-01, 0.00000000000000000e+00
 6.34000000000000000e+03, 8.30333014857504215e-01, 0.00000000000000000e+00
 6.35000000000000000e+03, 8.15405950378597422e-01, 0.00000000000000000e+00
 6.36000000000000000e+03, 8.39502058297295517e-01, 0.00000000000000000e+00
 6.37000000000000000e+03, 8.45779783501088844e-01, 0.00000000000000000e+00
 6.38000000000000000e+03, 7.95858510634967931e-01, 0.00000000000000000e+00
 6.39000000000000000e+03, 8.38542548152892087e-01, 0.00000000000000000e+00
 6.40000000000000000e+03, 7.97574284214152440e-01, 0.00000000000000000e+00
 6.41000000000000000e+03, 8.32436845317643059e-01, 0.00000000000000000e+00
 6.42000000000000000e+03, 8.43305349239571456e-01, 0.00000000000000000e+00
 6.43000000000000000e+03, 8.27993158397513973e-01, 0.00000000000000000e+00
 6.44000000000000000e+03, 8.10245160708846335e-01, 0.00000000000000000e+00
 6.45000000000000000e+03, 8.19409365899838926e-01, 0.00000000000000000e+00
 6.46000000000000000e+03, 8.23683337913884706e-01, 0.00000000000000000e+00
 6.47000000000000000e+03, 8.24731426652004496e-01, 0.00000000000000000e+00
 6.48000000000000000e+03, 8.24458819500474727e-01, 0.00000000000000000e+00
 6.49000000000000000e+03, 8.25686605112074479e-01, 0.00000000000000000e+00
 6.50000000000000000e+03, 8.29954994444734306e-01, 0.00000000000000000e+00
 6.51000000000000000e+03, 8.11183885569804031e-01, 0.00000000000000000e+00
 6.52000000000000000e+03, 8.23942396044557990e-01, 0.00000000000000000e+00
 6.53000000000000000e+03, 8.47178105247102242e-01, 0.00000000000000000e+00
 6.54000000000000000e+03, 8.22059738212287838e-01, 0.00000000000000000e+00
 6.55000000000000000e+03, 8.21278421367282352e-01, 0.00000000000000000e+00
 6.56000000000000000e+03, 8.41369262204920698e-01, 0.00000000000000000e+00
 6.57000000000000000e+03, 7.93355820198912154e-01, 0.00000000000000000e+00
 6.58000000000000000e+03, 8.42731255330221085e-01, 0.00000000000000000e+00
 6.59000000000000000e+03, 8.18795928185908739e-01, 0.00000000000000000e+00
 6.60000000000000000e+03, 8.29300914946112355e-01, 0.00000000000000000e+00
 6.61000000000000000e+03, 8.28408499685858724e-01, 0.00000000000000000e+00
 6.62000000000000000e+03, 8.39577636959169205e-01, 0.00000000000000000e+00
 6.63000000000000000e+03, 8.23604807132714112e-01, 0.00000000000000000e+00
 6.64000000000000000e+03, 8.18187117463730518e-01, 0.00000000000000000e+00
 6.65000000000000000e+03, 8.44268622214136122e-01, 0.00000000000000000e+00
 6.66000000000000000e+03, 7.95929963388238293e-01, 0.00000000000000000e+00
 6.67000000000000000e+03, 8.27405468969771296e-01, 0.00000000000000000e+00
 6.68000000000000000e+03, 8.09344442189117608e-01, 0.00000000000000000e+00
 6.69000000000000000e+03, 8.17084289039195166e-01, 0.00000000000000000e+00
 6.70000000000000000e+03, 8.53685645955654770e-01, 0.00000000000000000e+00
 6.71000000000000000e+03, 8.26548398127083694e-01, 0.00000000000000000e+00
 6.72000000000000000e+03, 8.29711977754458596e-01, 0.00000000000000000e+00
 6.73000000000000000e+03, 8.03620428052305824e-01, 0.00000000000000000e+00
 6.74000000000000000e+03, 8.17513668246888758e-01, 0.00000000000000000e+00
 6.75000000000000000e+03, 8.29731615427757641e-01, 0.00000000000000000e+00
 6.76000000000000000e+03, 8.31819859282190932e-01, 0.00000000000000000e+00
 6.77000000000000000e+03, 8.35279960245846276e-01, 0.00000000000000000e+00
 6.78000000000000000e+03, 8.27250945988125430e-01, 0.00000000000000000e+00
 6.79000000000000000e+03, 8.34093513268373443e-01, 0.00000000000000000e+00
 6.80000000000000000e+03, 8.33126978957721032e-01, 0.00000000000000000e+00
 6.81000000000000000e+03, 8.02984484279628430e-01, 0.00000000000000000e+00
 6.82000000000000000e+03, 8.27625533227860033e-01, 0.00000000000000000e+00
 6.83000000000000000e+03, 8.37273369474275553e-01, 0.00000000000000000e+00
 6.84000000000000000e+03, 8.34923471319257149e-01, 0.00000000000000000e+00
 6.85000000000000000e+03, 8.22334121387104489e-01, 0.00000000000000000e+00
 6.86000000000000000e+03, 8.16502787772156569e-01, 0.00000000000000000e+00
 6.87000000000000000e+03, 8.12375340263387757e-01, 0.00000000000000000e+00
 6.88000000000000000e+03, 8.25407144704643714e-01, 0.00000000000000000e+00
 6.89000000000000000e+03, 8.42093712059535759e-01, 0.00000000000000000e+00
 6.90000000000000000e+03, 8.01373243501946941e-01, 0.00000000000000000e+00
 6.91000000000000000e+03, 8.18426486801031250e-01, 0.00000000000000000e+00
 6.92000000000000000e+03, 8.12091665213583669e-01, 0.00000000000000000e+00
 6.93000000000000000e+03, 8.37498496897147948e-01, 0.00000000000000000e+00
 6.94000000000000000e+03, 8.19820170537388315e-01, 0.00000000000000000e+00
 6.95000000000000000e+03, 8.20924640511642378e-01, 0.00000000000000000e+00
 6.96000000000000000e+03, 8.24273323267077584e-01, 0.00000000000000000e+00
 6.97000000000000000e+03, 8.33016248492808531e-01, 0.00000000000000000e+00
 6.98000000000000000e+03, 8.21957522795977336e-01, 0.00000000000000000e+00
 6.99000000000000000e+03, 7.86927969238549019e-01, 0.00000000000000000e+00
 7.00000000000000000e+03, 8.34308774518378593e-01, 0.00000000000000000e+00
 7.01000000000000000e+03, 8.32932424583289310e-01, 0.00000000000000000e+00
 7.02000000000000000e+03, 8.24239115957801416e-01, 0.00000000000000000e+00
 7.03000000000000000e+03, 8.12827774128458747e-01, 0.00000000000000000e+00
 7.04000000000000000e+03, 8.31780554971676911e-01, 0.00000000000000000e+00
 7.05000000000000000e+03, 8.32142966542507190e-01, 0.00000000000000000e+00
 7.06000000000000000e+03, 8.20932623437140241e-01, 0.00000000000000000e+00
 7.07000000000000000e+03, 8.24276202065948982e-01, 0.00000000000000000e+00
 7.08000000000000000e+03, 8.14858991632779306e-01, 0.00000000000000000e+00
 7.09000000000000000e+03, 8.24779681438901346e-01, 0.00000000000000000e+00
 7.10000000000000000e+03, 8.06671390087505991e-01, 0.00000000000000000e+00
 7.11000000000000000e+03, 8.32645665868181895e-01, 0.00000000000000000e+00
 7.12000000000000000e+03, 8.14671393339434391e-01, 0.00000000000000000e+00
 7.13000000000000000e+03, 8.30280018957255006e-01, 0.00000000000000000e+00
 7.14000000000000000e+03, 8.08578346898485401e-01, 0.00000000000000000e+00
 7.15000000000000000e+03, 8.19348296454896707e-01, 0.00000000000000000e+00
 7.16000000000000000e+03, 8.25678597220457333e-01, 0.00000000000000000e+00
 7.17000000000000000e+03, 8.05215819837406088e-01, 0.00000000000000000e+00
 7.18000000000000000e+03, 8.28657009266082212e-01, 0.00000000000000000e+00
 7.19000000000000000e+03, 8.22132309496970470e-01, 0.00000000000000000e+00
 7.20000000000000000e+03, 8.04137955502056023e-01, 0.00000000000000000e+00
 7.21000000000000000e+03, 8.09934252944807365e-01, 0.00000000000000000e+00
 7.22000000000000000e+03, 8.35124642394726724e-01, 0.00000000000000000e+00
 7.23000000000000000e+03, 8.38958396279671392e-01, 0.00000000000000000e+00
 7.24000000000000000e+03, 8.25395863210650060e-01, 0.00000000000000000e+00
 7.25000000000000000e+03, 8.32479913159831719e-01, 0.00000000000000000e+00
 7.26000000000000000e+03, 8.30091792261579031e-01, 0.00000000000000000e+00
 7.27000000000000000e+03, 8.31488080574686039e-01, 0.00000000000000000e+00
 7.28000000000000000e+03, 8.44112046088610901e-01, 0.00000000000000000e+00
 7.29000000000000000e+03, 8.07244678323073894e-01, 0.00000000000000000e+00
 7.30000000000000000e+03, 8.36066338830826483e-01, 0.00000000000000000e+00
 7.31000000000000000e+03, 8.22094538933976549e-01, 0.00000000000000000e+00
 7.32000000000000000e+03, 8.24176839199232569e-01, 0.00000000000000000e+00
 7.33000000000000000e+03, 8.23147360672897732e-01, 0.00000000000000000e+00
 7.34000000000000000e+03, 8.22185115158325930e-01, 0.00000000000000000e+00
 7.35000000000000000e+03, 8.10951267349869220e-01, 0.00000000000000000e+00
 7.36000000000000000e+03, 8.29557134494555370e-01, 0.00000000000000000e+00
 7.37000000000000000e+03, 8.49193505079917865e-01, 0.00000000000000000e+00
 7.38000000000000000e+03, 8.26396101159731056e-01, 0.00000000000000000e+00
 7.39000000000000000e+03, 8.27118774447900940e-01, 0.00000000000000000e+00
 7.40000000000000000e+03, 8.18064709703685611e-01, 0.00000000000000000e+00
 7.41000000000000000e+03, 8.25586392963383653e-01, 0.00000000000000000e+00
 7.42000000000000000e+03, 8.33290453781501017e-01, 0.00000000000000000e+00
 7.43000000000000000e+03, 8.22249856722103600e-01, 0.00000000000000000e+00
 7.44000000000000000e+03, 8.21146843578863028e-01, 0.00000000000000000e+00
 7.45000000000000000e+03, 8.32460148832053215e-01, 0.00000000000000000e+00
 7.46000000000000000e+03, 8.15019393921235236e-01, 0.00000000000000000e+00
 7.47000000000000000e+03, 8.30470012341009922e-01, 0.00000000000000000e+00
 7.48000000000000000e+03, 8.37965304567994118e-01, 0.00000000000000000e+00
 7.49000000000000000e+03, 8.45088377574660488e-01, 0.00000000000000000e+00
 7.50000000000000000e+03, 8.25944014308583774e-01, 0.00000000000000000e+00
 7.51000000000000000e+03, 8.45189340350035789e-01, 0.00000000000000000e+00
 7.52000000000000000e+03, 8.40791267265890818e-01, 0.00000000000000000e+00
 7.53000000000000000e+03, 8.13987049890984249e-01, 0.00000000000000000e+00
 7.54000000000000000e+03, 8.11060268370199955e-01, 0.00000000000000000e+00
 7.55000000000000000e+03, 8.23111536687472833e-01, 0.00000000000000000e+00
 7.56000000000000000e+03, 8.40719005215607607e-01, 0.00000000000000000e+00
 7.57000000000000000e+03, 8.26182868219730637e-01, 0.00000000000000000e+00
 7.58000000000000000e+03, 8.19208376964570051e-01, 0.00000000000000000e+00
 7.59000000000000000e+03, 8.47626666708386711e-01, 0.00000000000000000e+00
 7.60000000000000000e+03, 8.30924195979445779e-01, 0.00000000000000000e+00
 7.61000000000000000e+03, 7.96505212303382670e-01, 0.00000000000000000e+00
 7.62000000000000000e+03, 8.31323577016865323e-01, 0.00000000000000000e+00
 7.63000000000000000e+03, 8.34001592868081953e-01, 0.00000000000000000e+00
 7.64000000000000000e+03, 8.30115091000672267e-01, 0.00000000000000000e+00
 7.65000000000000000e+03, 8.33073256490586278e-01, 0.00000000000000000e+00
 7.66000000000000000e+03, 8.26249018735573659e-01, 0.00000000000000000e+00
 7.67000000000000000e+03, 8.09734231299842455e-01, 0.00000000000000000e+00
 7.68000000000000000e+03, 8.22243763942401840e-01, 0.00000000000000000e+00
 7.69000000000000000e+03, 8.14654928289290536e-01, 0.00000000000000000e+00
 7.70000000000000000e+03, 8.14824876773832418e-01, 0.00000000000000000e+00
 7.71000000000000000e+03, 8.10464554593815611e-01, 0.00000000000000000e+00
 7.72000000000000000e+03, 8.33109912830419241e-01, 0.00000000000000000e+00
 7.73000000000000000e+03, 8.28429285932595794e-01, 0.00000000000000000e+00
 7.74000000000000000e+03, 8.21221274031299853e-01, 0.00000000000000000e+00
 7.75000000000000000e+03, 8.18565796178143068e-01, 0.00000000000000000e+00
 7.76000000000000000e+03, 8.26827871843362816e-01, 0.00000000000000000e+00
 7.77000000000000000e+03, 8.41382427246155529e-01, 0.00000000000000000e+00
 7.78000000000000000e+03, 8.00681409395872512e-01, 0.00000000000000000e+00
 7.79000000000000000e+03, 8.32111826921040465e-01, 0.00000000000000000e+00
 7.80000000000000000e+03, 8.19933658794087306e-01, 0.00000000000000000e+00
 7.81000000000000000e+03, 8.02260523702669537e-01, 0.00000000000000000e+00
 7.82000000000000000e+03, 8.01453776163872922e-01, 0.00000000000000000e+00
 7.83000000000000000e+03, 8.15088314744253362e-01, 0.00000000000000000e+00
 7.84000000000000000e+03, 8.30034583008472437e-01, 0.00000000000000000e+00
 7.85000000000000000e+03, 8.32325487605669045e-01, 0.00000000000000000e+00
 7.86000000000000000e+03, 8.14742500122875746e-01, 0.00000000000000000e+00
 7.87000000000000000e+03, 8.40561733973930636e-01, 0.00000000000000000e+00
 7.88000000000000000e+03, 8.45920439046304984e-01, 0.00000000000000000e+00
 7.89000000000000000e+03, 8.32365399818698060e-01, 0.00000000000000000e+00
 7.90000000000000000e+03, 8.19330541687146474e-01, 0.00000000000000000e+00
 7.91000000000000000e+03, 8.41979390142655215e-01, 0.00000000000000000e+00
 7.92000000000000000e+03, 8.37108280094742363e-01, 0.00000000000000000e+00
 7.93000000000000000e+03, 8.38586834746701815e-01, 0.00000000000000000e+00
 7.94000000000000000e+03, 8.18471736411986450e-01, 0.00000000000000000e+00
 7.95000000000000000e+03, 7.89720937456740990e-01, 0.00000000000000000e+00
 7.96000000000000000e+03, 8.55078698414670879e-01, 0.00000000000000000e+00
 7.97000000000000000e+03, 8.05873462010229469e-01, 0.00000000000000000e+00
 7.98000000000000000e+03, 8.26664918391858849e-01, 0.00000000000000000e+00
 7.99000000000000000e+03, 8.58562895581122421e-01, 0.00000000000000000e+00
 8.00000000000000000e+03, 8.31500670132414355e-01, 0.00000000000000000e+00
 8.01000000000000000e+03, 8.39667110405094896e-01, 0.00000000000000000e+00
 8.02000000000000000e+03, 8.07305422242784121e-01, 0.00000000000000000e+00
 8.03000000000000000e+03, 8.03671853160597305e-01, 0.00000000000000000e+00
 8.04000000000000000e+03, 8.20105380113374416e-01, 0.00000000000000000e+00
 8.05000000000000000e+03, 8.41534953466425151e-01, 0.00000000000000000e+00
 8.06000000000000000e+03, 8.22566564267293354e-01, 0.00000000000000000e+00
 8.07000000000000000e+03, 8.16647857542405209e-01, 0.00000000000000000e+00
 8.08000000000000000e+03, 8.29750225212096293e-01, 0.00000000000000000e+00
 8.09000000000000000e+03, 8.41418601872959360e-01, 0.00000000000000000e+00
 8.10000000000000000e+03, 8.08063846365490557e-01, 0.00000000000000000e+00
 8.11000000000000000e+03, 8.11157889474993232e-01, 0.00000000000000000e+00
 8.12000000000000000e+03, 8.16726622842023131e-01, 0.00000000000000000e+00
 8.13000000000000000e+03, 8.41586283551834735e-01, 0.00000000000000000e+00
 8.14000000000000000e+03, 8.30236701152209378e-01, 0.00000000000000000e+00
 8.15000000000000000e+03, 8.55281482033229956e-01, 0.00000000000000000e+00
 8.16000000000000000e+03, 8.39498140598647580e-01, 0.00000000000000000e+00
 8.17000000000000000e+03, 8.26673800686936966e-01, 0.00000000000000000e+00
 8.18000000000000000e+03, 8.43836084488290950e-01, 0.00000000000000000e+00
 8.19000000000000000e+03, 8.29928817597445412e-01, 0.00000000000000000e+00
 8.20000000000000000e+03, 8.17832095180114793e-01, 0.00000000000000000e+00
 8.21000000000000000e+03, 8.36112724981039501e-01, 0.00000000000000000e+00
 8.22000000000000000e+03, 8.17945545209792013e-01, 0.00000000000000000e+00
 8.23000000000000000e+03, 8.23303815313864318e-01, 0.00000000000000000e+00
 8.24000000000000000e+03, 8.44663788634800627e-01, 0.00000000000000000e+00
 8.25000000000000000e+03, 8.25800141433728263e-01, 0.00000000000000000e+00
 8.26000000000000000e+03, 8.16535590742494044e-01, 0.00000000000000000e+00
 8.27000000000000000e+03, 8.21007799532023408e-01, 0.00000000000000000e+00
 8.28000000000000000e+03, 8.40624692792273809e-01, 0.00000000000000000e+00
 8.29000000000000000e+03, 8.19843520176896656e-01, 0.00000000000000000e+00
 8.30000000000000000e+03, 8.22030361891025962e-01, 0.00000000000000000e+00
 8.31000000000000000e+03, 8.20401192909710697e-01, 0.00000000000000000e+00
 8.32000000000000000e+03, 8.29564873601549624e-01, 0.00000000000000000e+00
 8.33000000000000000e+03, 8.22048592242645149e-01, 0.00000000000000000e+00
 8.34000000000000000e+03, 8.05992821236474200e-01, 0.00000000000000000e+00
 8.35000000000000000e+03, 8.15426268653828723e-01, 0.00000000000000000e+00
 8.36000000000000000e+03, 8.14824241741532562e-01, 0.00000000000000000e+00
 8.37000000000000000e+03, 8.43548872967422758e-01, 0.00000000000000000e+00
 8.38000000000000000e+03, 8.37864354451614224e-01, 0.00000000000000000e+00
 8.39000000000000000e+03, 8.34888880906975439e-01, 0.00000000000000000e+00
 8.40000000000000000e+03, 8.20466327314093413e-01, 0.00000000000000000e+00
 8.41000000000000000e+03, 8.16368608750711933e-01, 0.00000000000000000e+00
 8.42000000000000000e+03, 8.20437824766166890e-01, 0.00000000000000000e+00
 8.43000000000000000e+03, 8.13252239757336293e-01, 0.00000000000000000e+00
 8.44000000000000000e+03, 8.60100102282904233e-01, 0.00000000000000000e+00
 8.45000000000000000e+03, 7.97498811358353543e-01, 0.00000000000000000e+00
 8.46000000000000000e+03, 8.34581969782693500e-01, 0.00000000000000000e+00
 8.47000000000000000e+03, 8.10180966789043833e-01, 0.00000000000000000e+00
 8.48000000000000000e+03, 8.25759723037603921e-01, 0.00000000000000000e+00
 8.49000000000000000e+03, 8.14095431487168342e-01, 0.00000000000000000e+00
 8.50000000000000000e+03, 8.11592354826029538e-01, 0.00000000000000000e+00
 8.51000000000000000e+03, 8.12086465961136206e-01, 0.00000000000000000e+00
 8.52000000000000000e+03, 8.50302874365513328e-01, 0.00000000000000000e+00
 8.53000000000000000e+03, 8.25381609964234708e-01, 0.00000000000000000e+00
 8.54000000000000000e+03, 8.17029788174176597e-01, 0.00000000000000000e+00
 8.55000000000000000e+03, 8.34473445069710329e-01, 0.00000000000000000e+00
 8.56000000000000000e+03, 8.27273668098583270e-01, 0.00000000000000000e+00
 8.57000000000000000e+03, 8.36641502772072609e-01, 0.00000000000000000e+00
 8.58000000000000000e+03, 8.03056869292801179e-01, 0.00000000000000000e+00
 8.59000000000000000e+03, 8.31144628692459420e-01, 0.00000000000000000e+00
 8.60000000000000000e+03, 8.37336629005655864e-01, 0.00000000000000000e+00
 8.61000000000000000e+03, 8.05203959715498518e-01, 0.00000000000000000e+00
 8.62000000000000000e+03, 8.33053234914867269e-01, 0.00000000000000000e+00
 8.63000000000000000e+03, 8.49526653924043362e-01, 0.00000000000000000e+00
 8.64000000000000000e+03, 8.26940935480624528e-01, 0.00000000000000000e+00
 8.65000000000000000e+03, 8.37979615535791811e-01, 0.00000000000000000e+00
 8.66000000000000000e+03, 8.35988587113288828e-01, 0.00000000000000000e+00
 8.67000000000000000e+03, 8.17797981964128673e-01, 0.00000000000000000e+00
 8.68000000000000000e+03, 8.27661978069856419e-01, 0.00000000000000000e+00
 8.69000000000000000e+03, 8.06452726991950697e-01, 0.00000000000000000e+00
 8.70000000000000000e+03, 8.21179857087542597e-01, 0.00000000000000000e+00
 8.71000000000000000e+03, 8.30644138448785374e-01, 0.00000000000000000e+00
 8.72000000000000000e+03, 8.36681983698467802e-01, 0.00000000000000000e+00
 8.73000000000000000e+03, 8.27461937236261935e-01, 0.00000000000000000e+00
 8.74000000000000000e+03, 8.36640842422702757e-01, 0.00000000000000000e+00
 8.75000000000000000e+03, 8.12578695175588783e-01, 0.00000000000000000e+00
 8.76000000000000000e+03, 8.25794653164224624e-01, 0.00000000000000000e+00
 8.77000000000000000e+03, 8.27391545065633727e-01, 0.00000000000000000e+00
 8.78000000000000000e+03, 8.51551661647907410e-01, 0.00000000000000000e+00
 8.79000000000000000e+03, 8.24310057331533175e-01, 0.00000000000000000e+00
 8.80000000000000000e+03, 8.20550037573451907e-01, 0.00000000000000000e+00
 8.81000000000000000e+03, 8.27418893351273721e-01, 0.00000000000000000e+00
 8.82000000000000000e+03, 8.15004759725782235e-01, 0.00000000000000000e+00
 8.83000000000000000e+03, 8.29681408007215793e-01, 0.00000000000000000e+00
 8.84000000000000000e+03, 8.22318328342596772e-01, 0.00000000000000000e+00
 8.85000000000000000e+03, 8.03491533568278959e-01, 0.00000000000000000e+00
 8.86000000000000000e+03, 8.26363714728833632e-01, 0.00000000000000000e+00
 8.87000000000000000e+03, 8.22945488365263045e-01, 0.00000000000000000e+00
 8.88000000000000000e+03, 8.05589069619148002e-01, 0.00000000000000000e+00
 8.89000000000000000e+03, 8.26250886366800552e-01, 0.00000000000000000e+00
 8.90000000000000000e+03, 8.46796555908324922e-01, 0.00000000000000000e+00
 8.91000000000000000e+03, 8.34018266687373777e-01, 0.00000000000000000e+00
 8.92000000000000000e+03, 8.35214496155341046e-01, 0.00000000000000000e+00
 8.93000000000000000e+03, 8.09429300434711618e-01, 0.00000000000000000e+00
 8.94000000000000000e+03, 8.33432115683262253e-01, 0.00000000000000000e+00
 8.95000000000000000e+03, 8.29096591688749940e-01, 0.00000000000000000e+00
 8.96000000000000000e+03, 8.34120454361554353e-01, 0.00000000000000000e+00
 8.97000000000000000e+03, 8.32715755023066051e-01, 0.00000000000000000e+00
 8.98000000000000000e+03, 8.09187951640791825e-01, 0.00000000000000000e+00
 8.99000000000000000e+03, 8.26590566505772451e-01, 0.00000000000000000e+00
 9.00000000000000000e+03, 8.17133161861583912e-01, 0.00000000000000000e+00
 9.01000000000000000e+03, 8.26475947175457692e-01, 0.00000000000000000e+00
 9.02000000000000000e+03, 8.15291364985697209e-01, 0.00000000000000000e+00
 9.03000000000000000e+03, 8.44461666067809480e-01, 0.00000000000000000e+00
 9.04000000000000000e+03, 8.15798621694792891e-01, 0.00000000000000000e+00
 9.05000000000000000e+03, 8.15271020757585729e-01, 0.00000000000000000e+00
 9.06000000000000000e+03, 8.28121597789941322e-01, 0.00000000000000000e+00
 9.07000000000000000e+03, 8.12919349508032241e-01, 0.00000000000000000e+00
 9.08000000000000000e+03, 8.21531501632612571e-01, 0.00000000000000000e+00
 9.09000000000000000e+03, 8.16181524537749614e-01, 0.00000000000000000e+00
 9.10000000000000000e+03, 8.45764528469080568e-01, 0.00000000000000000e+00
 9.11000000000000000e+03, 8.37509667740359176e-01, 0.00000000000000000e+00
 9.12000000000000000e+03, 8.26378459582857383e-01, 0.00000000000000000e+00
 9.13000000000000000e+03, 8.21972992138279235e-01, 0.00000000000000000e+00
 9.14000000000000000e+03, 8.39557169739706510e-01, 0.00000000000000000e+00
 9.15000000000000000e+03, 8.32485751087878589e-01, 0.00000000000000000e+00
 9.16000000000000000e+03, 8.33711348969694455e-01, 0.00000000000000000e+00
 9.17000000000000000e+03, 8.26791319695163951e-01, 0.00000000000000000e+00
 9.18000000000000000e+03, 8.04852420861715157e-01, 0.00000000000000000e+00
 9.19000000000000000e+03, 8.25652506258665042e-01, 0.00000000000000000e+00
 9.20000000000000000e+03, 8.20108190295007256e-01, 0.00000000000000000e+00
 9.21000000000000000e+03, 8.35651786838315980e-01, 0.00000000000000000e+00
 9.22000000000000000e+03, 8.40493377344210590e-01, 0.00000000000000000e+00
 9.23000000000000000e+03, 8.18452103437844247e-01, 0.00000000000000000e+00
 9.24000000000000000e+03, 8.33319742321116386e-01, 0.00000000000000000e+00
 9.25000000000000000e+03, 8.50050659998040858e-01, 0.00000000000000000e+00
 9.26000000000000000e+03, 8.18323249316951107e-01, 0.00000000000000000e+00
 9.27000000000000000e+03, 8.49338424197303987e-01, 0.00000000000000000e+00
 9.28000000000000000e+03, 8.15882924045504776e-01, 0.00000000000000000e+00
 9.29000000000000000e+03, 8.27440126001964038e-01, 0.00000000000000000e+00
 9.30000000000000000e+03, 8.26989935151371425e-01, 0.00000000000000000e+00
 9.31000000000000000e+03, 8.27288842705676042e-01, 0.00000000000000000e+00
 9.32000000000000000e+03, 8.16079707073876670e-01, 0.00000000000000000e+00
 9.33000000000000000e+03, 8.19333440257004275e-01, 0.00000000000000000e+00
 9.34000000000000000e+03, 8.18323149446346876e-01, 0.00000000000000000e+00
 9.35000000000000000e+03, 8.31452963485188712e-01, 0.00000000000000000e+00
 9.36000000000000000e+03, 8.31493520736907854e-01, 0.00000000000000000e+00
 9.37000000000000000e+03, 8.56519522403801581e-01, 0.00000000000000000e+00
 9.38000000000000000e+03, 8.45234112107346891e-01, 0.00000000000000000e+00
 9.39000000000000000e+03, 8.20407126427486588e-01, 0.00000000000000000e+00
 9.40000000000000000e+03, 8.31425336151597638e-01, 0.00000000000000000e+00
 9.41000000000000000e+03, 8.40299014568875458e-01, 0.00000000000000000e+00
 9.42000000000000000e+03, 8.27541001302991797e-01, 0.00000000000000000e+00
 9.43000000000000000e+03, 8.26217788385485874e-01, 0.00000000000000000e+00
 9.44000000000000000e+03, 8.27817846464772633e-01, 0.00000000000000000e+00
 9.45000000000000000e+03, 8.38585108719669181e-01, 0.00000000000000000e+00
 9.46000000000000000e+03, 8.15939226317519473e-01, 0.00000000000000000e+00
 9.47000000000000000e+03, 8.22838220229235695e-01, 0.00000000000000000e+00
 9.48000000000000000e+03, 8.33346774728711881e-01, 0.00000000000000000e+00
 9.49000000000000000e+03, 8.31248158560292549e-01, 0.00000000000000000e+00
 9.50000000000000000e+03, 8.30299549644884172e-01, 0.00000000000000000e+00
 9.51000000000000000e+03, 8.22255681818534589e-01, 0.00000000000000000e+00
 9.52000000000000000e+03, 8.39974529629354150e-01, 0.00000000000000000e+00
 9.53000000000000000e+03, 8.55304118074663222e-01, 0.00000000000000000e+00
 9.54000000000000000e+03, 8.32501741726942912e-01, 0.00000000000000000e+00
 9.55000000000000000e+03, 8.24587124748775602e-01, 0.00000000000000000e+00
 9.56000000000000000e+03, 8.37112829021420812e-01, 0.00000000000000000e+00
 9.57000000000000000e+03, 8.20020506401615501e-01, 0.00000000000000000e+00
 9.58000000000000000e+03, 8.17241144655381890e-01, 0.00000000000000000e+00
 9.59000000000000000e+03, 8.27570132672629244e-01, 0.00000000000000000e+00
 9.60000000000000000e+03, 7.93044141647555878e-01, 0.00000000000000000e+00
 9.61000000000000000e+03, 8.11904912401146261e-01, 0.00000000000000000e+00
 9.62000000000000000e+03, 8.22543960701754173e-01, 0.00000000000000000e+00
 9.63000000000000000e+03, 8.09272324270879029e-01, 0.00000000000000000e+00
 9.64000000000000000e+03, 8.13506168251935335e-01, 0.00000000000000000e+00
 9.65000000000000000e+03, 8.21371979140910868e-01, 0.00000000000000000e+00
 9.66000000000000000e+03, 8.05449915319160548e-01, 0.00000000000000000e+00
 9.67000000000000000e+03, 8.21776909481505946e-01, 0.00000000000000000e+00
 9.68000000000000000e+03, 8.20071491018635967e-01, 0.00000000000000000e+00
 9.69000000000000000e+03, 8.27472405939448485e-01, 0.00000000000000000e+00
 9.70000000000000000e+03, 8.42372286389546976e-01, 0.00000000000000000e+00
 9.71000000000000000e+03, 8.29414115482954184e-01, 0.00000000000000000e+00
 9.72000000000000000e+03, 8.27415075865149063e-01, 0.00000000000000000e+00
 9.73000000000000000e+03, 8.28449856014387365e-01, 0.00000000000000000e+00
 9.74000000000000000e+03, 8.30138641811292044e-01, 0.00000000000000000e+00
 9.75000000000000000e+03, 8.13716107016118295e-01, 0.00000000000000000e+00
 9.76000000000000000e+03, 8.25622022888829465e-01, 0.00000000000000000e+00
 9.77000000000000000e+03, 8.31212573566047164e-01, 0.00000000000000000e+00
 9.78000000000000000e+03, 8.09043025402197968e-01, 0.00000000000000000e+00
 9.79000000000000000e+03, 8.38563675750861104e-01, 0.00000000000000000e+00
 9.80000000000000000e+03, 8.41411220822428474e-01, 0.00000000000000000e+00
 9.81000000000000000e+03, 8.18802894117899638e-01, 0.00000000000000000e+00
 9.82000000000000000e+03, 8.23951398316064565e-01, 0.00000000000000000e+00
 9.83000000000000000e+03, 8.15544944635929636e-01, 0.00000000000000000e+00
 9.84000000000000000e+03, 8.36368879542121690e-01, 0.00000000000000000e+00
 9.85000000000000000e+03, 8.13128922962179201e-01, 0.00000000000000000e+00
 9.86000000000000000e+03, 8.24200360618924210e-01, 0.00000000000000000e+00
 9.87000000000000000e+03, 8.15799314368698236e-01, 0.00000000000000000e+00
 9.88000000000000000e+03, 8.27809653605899753e-01, 0.00000000000000000e+00
 9.89000000000000000e+03, 8.03453230763240711e-01, 0.00000000000000000e+00
 9.90000000000000000e+03, 8.44646350823649139e-01, 0.00000000000000000e+00
 9.91000000000000000e+03, 8.14404252342379564e-01, 0.00000000000000000e+00
 9.92000000000000000e+03, 8.27927666956479791e-01, 0.00000000000000000e+00
 9.93000000000000000e+03, 8.24331752945782759e-01, 0.00000000000000000e+00
 9.94000000000000000e+03, 8.17077145576742381e-01, 0.00000000000000000e+00
 9.95000000000000000e+03, 8.15418359327856557e-01, 0.00000000000000000e+00
 9.96000000000000000e+03, 8.39497517903637691e-01, 0.00000000000000000e+00
 9.97000000000000000e+03, 8.20198601297057017e-01, 0.00000000000000000e+00
 9.98000000000000000e+03, 8.30716503560435138e-01, 0.00000000000000000e+00
 9.99000000000000000e+03, 8.16557298233199891e-01, 0.00000000000000000e+00
 1.00000000000000000e+04, 8.18594262217161139e-01, 0.00000000000000000e+00
 1.00100000000000000e+04, 8.33370719495819978e-01, 0.00000000000000000e+00
 1.00200000000000000e+04, 8.39418449260398658e-01, 0.00000000000000000e+00
 1.00300000000000000e+04, 8.24822880598049868e-01, 0.00000000000000000e+00
 1.00400000000000000e+04, 8.08367714800109938e-01, 0.00000000000000000e+00
 1.00500000000000000e+04, 8.53510077355424168e-01, 0.00000000000000000e+00
 1.00600000000000000e+04, 8.15830606230955713e-01, 0.00000000000000000e+00
 1.00700000000000000e+04, 8.06788103420865599e-01, 0.00000000000000000e+00
 1.00800000000000000e+04, 8.61383461651921589e-01, 0.00000000000000000e+00
 1.00900000000000000e+04, 8.21803830811361435e-01, 0.00000000000000000e+00
 1.01000000000000000e+04, 8.07842185601917784e-01, 0.00000000000000000e+00
 1.01100000000000000e+04, 8.18115652162095364e-01, 0.00000000000000000e+00
 1.01200000000000000e+04, 8.31988649707900318e-01, 0.00000000000000000e+00
 1.01300000000000000e+04, 8.29649169637309614e-01, 0.00000000000000000e+00
 1.01400000000000000e+04, 8.15894231669948344e-01, 0.00000000000000000e+00
 1.01500000000000000e+04, 8.51197008591973781e-01, 0.00000000000000000e+00
 1.01600000000000000e+04, 8.20252205317324012e-01, 0.00000000000000000e+00
 1.01700000000000000e+04, 8.11499194069918772e-01, 0.00000000000000000e+00
 1.01800000000000000e+04, 8.39818209919509839e-01, 0.00000000000000000e+00
 1.01900000000000000e+04, 8.44680686630593258e-01, 0.00000000000000000e+00
 1.02000000000000000e+04, 8.16346148164138641e-01, 0.00000000000000000e+00
 1.02100000000000000e+04, 8.08639272780920293e-01, 0.00000000000000000e+00
 1.02200000000000000e+04, 8.40738842175254186e-01, 0.00000000000000000e+00
 1.02300000000000000e+04, 8.00112385349295185e-01, 0.00000000000000000e+00
 1.02400000000000000e+04, 8.10945651133879841e-01, 0.00000000000000000e+00
 1.02500000000000000e+04, 8.39907346214796124e-01, 0.00000000000000000e+00
 1.02600000000000000e+04, 8.26406403396417910e-01, 0.00000000000000000e+00
 1.02700000000000000e+04, 8.23653084025033566e-01, 0.00000000000000000e+00
 1.02800000000000000e+04, 8.31794236228289297e-01, 0.00000000000000000e+00
 1.02900000000000000e+04, 8.25120434627833355e-01, 0.00000000000000000e+00
 1.03000000000000000e+04, 8.09994392282112119e-01, 0.00000000000000000e+00
 1.03100000000000000e+04, 8.43981251577941460e-01, 0.00000000000000000e+00
 1.03200000000000000e+04, 8.44627242504723652e-01, 0.00000000000000000e+00
 1.03300000000000000e+04, 8.29847446844407699e-01, 0.00000000000000000e+00
 1.03400000000000000e+04, 8.27732826002124611e-01, 0.00000000000000000e+00
 1.03500000000000000e+04, 8.58020104433733444e-01, 0.00000000000000000e+00
 1.03600000000000000e+04, 8.23488143435868958e-01, 0.00000000000000000e+00
 1.03700000000000000e+04, 8.23710640825640938e-01, 0.00000000000000000e+00
 1.03800000000000000e+04, 8.31948209471560007e-01, 0.00000000000000000e+00
 1.03900000000000000e+04, 8.46558506798362198e-01, 0.00000000000000000e+00
 1.04000000000000000e+04, 8.48161630931255184e-01, 0.00000000000000000e+00
 1.04100000000000000e+04, 8.23723898230434570e-01, 0.00000000000000000e+00
 1.04200000000000000e+04, 8.31207029410818032e-01, 0.00000000000000000e+00
 1.04300000000000000e+04, 8.08946355194458344e-01, 0.00000000000000000e+00
 1.04400000000000000e+04, 8.23018972330722631e-01, 0.00000000000000000e+00
 1.04500000000000000e+04, 8.16045223730365032e-01, 0.00000000000000000e+00
 1.04600000000000000e+04, 8.13846877815783354e-01, 0.00000000000000000e+00
 1.04700000000000000e+04, 8.49333869596259672e-01, 0.00000000000000000e+00
 1.04800000000000000e+04, 8.16678873001053796e-01, 0.00000000000000000e+00
 1.04900000000000000e+04, 8.20119858946470548e-01, 0.00000000000000000e+00
 1.05000000000000000e+04, 8.31966260928013956e-01, 0.00000000000000000e+00
 1.05100000000000000e+04, 8.44268350446815141e-01, 0.00000000000000000e+00
 1.05200000000000000e+04, 8.33487776586311790e-01, 0.00000000000000000e+00
 1.05300000000000000e+04, 8.63560544418242260e-01, 0.00000000000000000e+00
 1.05400000000000000e+04, 8.26151439595383397e-01, 0.00000000000000000e+00
 1.05500000000000000e+04, 8.30552113914435286e-01, 0.00000000000000000e+00
 1.05600000000000000e+04, 8.30774985795059151e-01, 0.00000000000000000e+00
 1.05700000000000000e+04, 8.46079708799116204e-01, 0.00000000000000000e+00
 1.05800000000000000e+04, 8.33832611043138883e-01, 0.00000000000000000e+00
 1.05900000000000000e+04, 8.25602824838337024e-01, 0.00000000000000000e+00
 1.06000000000000000e+04, 8.14630207425594999e-01, 0.00000000000000000e+00
 1.06100000000000000e+04, 8.30363710491940687e-01, 0.00000000000000000e+00
 1.06200000000000000e+04, 8.45634808641145042e-01, 0.00000000000000000e+00
 1.06300000000000000e+04, 8.21720017186614360e-01, 0.00000000000000000e+00
 1.06400000000000000e+04, 8.34119112620766989e-01, 0.00000000000000000e+00
 1.06500000000000000e+04, 8.30386207663040832e-01, 0.00000000000000000e+00
 1.06600000000000000e+04, 8.38535516337729936e-01, 0.00000000000000000e+00
 1.06700000000000000e+04, 8.16514307465335154e-01, 0.00000000000000000e+00
 1.06800000000000000e+04, 8.58112797639327018e-01, 0.00000000000000000e+00
 1.06900000000000000e+04, 8.10252130218187872e-01, 0.00000000000000000e+00
 1.07000000000000000e+04, 8.22311782437692207e-01, 0.00000000000000000e+00
 1.07100000000000000e+04, 8.39519878359972438e-01, 0.00000000000000000e+00
 1.07200000000000000e+04, 8.31053934691413088e-01, 0.00000000000000000e+00
 1.07300000000000000e+04, 8.38092874108797292e-01, 0.00000000000000000e+00
 1.07400000000000000e+04, 8.20588505994755302e-01, 0.00000000000000000e+00
 1.07500000000000000e+04, 8.26149631026306119e-01, 0.00000000000000000e+00
 1.07600000000000000e+04, 8.27298518976043451e-01, 0.00000000000000000e+00
 1.07700000000000000e+04, 8.47851283698172420e-01, 0.00000000000000000e+00
 1.07800000000000000e+04, 8.36250719902404738e-01, 0.00000000000000000e+00
 1.07900000000000000e+04, 8.37653128605175157e-01, 0.00000000000000000e+00
 1.08000000000000000e+04, 8.18452432347451797e-01, 0.00000000000000000e+00
 1.08100000000000000e+04, 8.39926307592108401e-01, 0.00000000000000000e+00
 1.08200000000000000e+04, 8.30114734716286051e-01, 0.00000000000000000e+00
 1.08300000000000000e+04, 8.45473774918190979e-01, 0.00000000000000000e+00
 1.08400000000000000e+04, 8.53722650790193383e-01, 0.00000000000000000e+00
 1.08500000000000000e+04, 8.23087748495703542e-01, 0.00000000000000000e+00
 1.08600000000000000e+04, 8.21773855411338294e-01, 0.00000000000000000e+00
 1.08700000000000000e+04, 8.15731662844577987e-01, 0.00000000000000000e+00
 1.08800000000000000e+04, 8.25241807167155006e-01, 0.00000000000000000e+00
 1.08900000000000000e+04, 8.22094320795823008e-01, 0.00000000000000000e+00
 1.09000000000000000e+04, 8.31882514796462913e-01, 0.00000000000000000e+00
 1.09100000000000000e+04, 8.25228774738757886e-01, 0.00000000000000000e+00
 1.09200000000000000e+04, 8.22363946216123409e-01, 0.00000000000000000e+00
 1.09300000000000000e+04, 8.41189580519485891e-01, 0.00000000000000000e+00
 1.09400000000000000e+04, 8.14757037671556938e-01, 0.00000000000000000e+00
 1.09500000000000000e+04, 8.32854081704511362e-01, 0.00000000000000000e+00
 1.09600000000000000e+04, 8.21778625924183159e-01, 0.00000000000000000e+00
 1.09700000000000000e+04, 8.36698720987512190e-01, 0.00000000000000000e+00
 1.09800000000000000e+04, 8.45422509140119738e-01, 0.00000000000000000e+00
 1.09900000000000000e+04, 8.23136159778346088e-01, 0.00000000000000000e+00
