"time","ikr.IKr"
 1.10000000000000000e+03, 6.77453249204849950e-01
 1.11000000000000000e+03, 7.06973508164711495e-01
 1.12000000000000000e+03, 7.30909127632294209e-01
 1.13000000000000000e+03, 7.50228985274590143e-01
 1.14000000000000000e+03, 7.65767468512776883e-01
 1.15000000000000000e+03, 7.78229289180356387e-01
 1.16000000000000000e+03, 7.88201025824926571e-01
 1.17000000000000000e+03, 7.96165715197835522e-01
 1.18000000000000000e+03, 8.02517987871925076e-01
 1.19000000000000000e+03, 8.07578224729721628e-01
 1.20000000000000000e+03, 8.11605382973517253e-01
 1.21000000000000000e+03, 8.14807898324764301e-01
 1.22000000000000000e+03, 8.17353033529494954e-01
 1.23000000000000000e+03, 8.19374679248473181e-01
 1.24000000000000000e+03, 8.20979827165312259e-01
 1.25000000000000000e+03, 8.22253861652049056e-01
 1.26000000000000000e+03, 8.23264801070377916e-01
 1.27000000000000000e+03, 8.24066785507105770e-01
 1.28000000000000000e+03, 8.24702891852853393e-01
 1.29000000000000000e+03, 8.25207352375939229e-01
 1.30000000000000000e+03, 8.25607359675562646e-01
 1.31000000000000000e+03, 8.25924511271072581e-01
 1.32000000000000000e+03, 8.26175944777397864e-01
 1.33000000000000000e+03, 8.26375246409497999e-01
 1.34000000000000000e+03, 8.26533197253480956e-01
 1.35000000000000000e+03, 8.26658383694160337e-01
 1.36000000000000000e+03, 8.26757635335363950e-01
 1.37000000000000000e+03, 8.26836330135369835e-01
 1.38000000000000000e+03, 8.26898713866897839e-01
 1.39000000000000000e+03, 8.26948156266382406e-01
 1.40000000000000000e+03, 8.26987339067396299e-01
 1.41000000000000000e+03, 8.27018394475925067e-01
 1.42000000000000000e+03, 8.27043012112962050e-01
 1.43000000000000000e+03, 8.27062526492562178e-01
 1.44000000000000000e+03, 8.27077984574128844e-01
 1.45000000000000000e+03, 8.27090230591894682e-01
 1.46000000000000000e+03, 8.27099910911778813e-01
 1.47000000000000000e+03, 8.27107587357188367e-01
 1.48000000000000000e+03, 8.27113665832026834e-01
 1.49000000000000000e+03, 8.27118496044384366e-01
 1.50000000000000000e+03, 8.27122337223194615e-01
 1.51000000000000000e+03, 8.27125388856541965e-01
 1.52000000000000000e+03, 8.27127813383476296e-01
 1.53000000000000000e+03, 8.27129734697814367e-01
 1.54000000000000000e+03, 8.27131246089715666e-01
 1.55000000000000000e+03, 8.27132422038596382e-01
 1.56000000000000000e+03, 8.27133356089116090e-01
 1.57000000000000000e+03, 8.27134062866763831e-01
 1.58000000000000000e+03, 8.27134591820971488e-01
 1.59000000000000000e+03, 8.27135045728018770e-01
 1.60000000000000000e+03, 8.27135374586752015e-01
 1.61000000000000000e+03, 8.27135633031308437e-01
 1.62000000000000000e+03, 8.27135888568626965e-01
 1.63000000000000000e+03, 8.27136083250242349e-01
 1.64000000000000000e+03, 8.27136257232396033e-01
 1.65000000000000000e+03, 8.27136418170492216e-01
 1.66000000000000000e+03, 8.27136558331581173e-01
 1.67000000000000000e+03, 8.27136676418727568e-01
 1.68000000000000000e+03, 8.27136767272314666e-01
 1.69000000000000000e+03, 8.27136841260706301e-01
 1.70000000000000000e+03, 8.27136895386431314e-01
 1.71000000000000000e+03, 8.27136932809129255e-01
 1.72000000000000000e+03, 8.27136954112439926e-01
 1.73000000000000000e+03, 8.27136969946692280e-01
 1.74000000000000000e+03, 8.27136985172797545e-01
 1.75000000000000000e+03, 8.27136993603422521e-01
 1.76000000000000000e+03, 8.27137004517324859e-01
 1.77000000000000000e+03, 8.27137018656548872e-01
 1.78000000000000000e+03, 8.27137033020869605e-01
 1.79000000000000000e+03, 8.27137046045526736e-01
 1.80000000000000000e+03, 8.27137058267504943e-01
 1.81000000000000000e+03, 8.27137070009924646e-01
 1.82000000000000000e+03, 8.27137076977158214e-01
 1.83000000000000000e+03, 8.27137080748341358e-01
 1.84000000000000000e+03, 8.27137082332933371e-01
 1.85000000000000000e+03, 8.27137082421084413e-01
 1.86000000000000000e+03, 8.27137080161336025e-01
 1.87000000000000000e+03, 8.27137077408354404e-01
 1.88000000000000000e+03, 8.27137076847688335e-01
 1.89000000000000000e+03, 8.27137072352846281e-01
 1.90000000000000000e+03, 8.27137067100015666e-01
 1.91000000000000000e+03, 8.27137062458501937e-01
 1.92000000000000000e+03, 8.27137060660035117e-01
 1.93000000000000000e+03, 8.27137060243996913e-01
 1.94000000000000000e+03, 8.27137055086436424e-01
 1.95000000000000000e+03, 8.27137050555497577e-01
 1.96000000000000000e+03, 8.27137048300834343e-01
 1.97000000000000000e+03, 8.27137050788811057e-01
 1.98000000000000000e+03, 8.27137050673009688e-01
 1.99000000000000000e+03, 8.27137049732353136e-01
 2.00000000000000000e+03, 8.27137050034738919e-01
 2.01000000000000000e+03, 8.27137052374653403e-01
 2.02000000000000000e+03, 8.27137056805275384e-01
 2.03000000000000000e+03, 8.27137059698468180e-01
 2.04000000000000000e+03, 8.27137062965942138e-01
 2.05000000000000000e+03, 8.27137066398921705e-01
 2.06000000000000000e+03, 8.27137069739650510e-01
 2.07000000000000000e+03, 8.27137073020446811e-01
 2.08000000000000000e+03, 8.27137076132066107e-01
 2.09000000000000000e+03, 8.27137078753414245e-01
 2.10000000000000000e+03, 8.27137080669791858e-01
 2.11000000000000000e+03, 8.27137081807177710e-01
 2.12000000000000000e+03, 8.27137084601816786e-01
 2.13000000000000000e+03, 8.27137087563442730e-01
 2.14000000000000000e+03, 8.27137090635668093e-01
 2.15000000000000000e+03, 8.27137093729467199e-01
 2.16000000000000000e+03, 8.27137096723175924e-01
 2.17000000000000000e+03, 8.27137099462492253e-01
 2.18000000000000000e+03, 8.27137101760475502e-01
 2.19000000000000000e+03, 8.27137103397547091e-01
 2.20000000000000000e+03, 8.27137104121489330e-01
 2.21000000000000000e+03, 8.27137103647447414e-01
 2.22000000000000000e+03, 8.27137101657927531e-01
 2.23000000000000000e+03, 8.27137101592961277e-01
 2.24000000000000000e+03, 8.27137104380517685e-01
 2.25000000000000000e+03, 8.27137107149455764e-01
 2.26000000000000000e+03, 8.27137109790384684e-01
 2.27000000000000000e+03, 8.27137112175743372e-01
 2.28000000000000000e+03, 8.27137114159801845e-01
 2.29000000000000000e+03, 8.27137115578659210e-01
 2.30000000000000000e+03, 8.27137116250244997e-01
 2.31000000000000000e+03, 8.27137115974319492e-01
 2.32000000000000000e+03, 8.27137114532472073e-01
 2.33000000000000000e+03, 8.27137111688123094e-01
 2.34000000000000000e+03, 8.27137107212262301e-01
 2.35000000000000000e+03, 8.27137107508296610e-01
 2.36000000000000000e+03, 8.27137107684251860e-01
 2.37000000000000000e+03, 8.27137107713341146e-01
 2.38000000000000000e+03, 8.27137107565632301e-01
 2.39000000000000000e+03, 8.27137107208046340e-01
 2.40000000000000000e+03, 8.27137106604358796e-01
 2.41000000000000000e+03, 8.27137105715198495e-01
 2.42000000000000000e+03, 8.27137104498048559e-01
 2.43000000000000000e+03, 8.27137102907245736e-01
 2.44000000000000000e+03, 8.27137100893980848e-01
 2.45000000000000000e+03, 8.27137098406298454e-01
 2.46000000000000000e+03, 8.27137096241589709e-01
 2.47000000000000000e+03, 8.27137094868099831e-01
 2.48000000000000000e+03, 8.27137093494044073e-01
 2.49000000000000000e+03, 8.27137092139024865e-01
 2.50000000000000000e+03, 8.27137090823864884e-01
 2.51000000000000000e+03, 8.27137089570607276e-01
 2.52000000000000000e+03, 8.27137088402515319e-01
 2.53000000000000000e+03, 8.27137087344073096e-01
 2.54000000000000000e+03, 8.27137086420984158e-01
 2.55000000000000000e+03, 8.27137085660173077e-01
 2.56000000000000000e+03, 8.27137085089784563e-01
 2.57000000000000000e+03, 8.27137084739183459e-01
 2.58000000000000000e+03, 8.27137084028732206e-01
 2.59000000000000000e+03, 8.27137083365096837e-01
 2.60000000000000000e+03, 8.27137082786453703e-01
 2.61000000000000000e+03, 8.27137082298187609e-01
 2.62000000000000000e+03, 8.27137081905440996e-01
 2.63000000000000000e+03, 8.27137081613114944e-01
 2.64000000000000000e+03, 8.27137081425868059e-01
 2.65000000000000000e+03, 8.27137081348117809e-01
 2.66000000000000000e+03, 8.27137081384039075e-01
 2.67000000000000000e+03, 8.27137081537565488e-01
 2.68000000000000000e+03, 8.27137081812388653e-01
 2.69000000000000000e+03, 8.27137081849723343e-01
 2.70000000000000000e+03, 8.27137081389526574e-01
 2.71000000000000000e+03, 8.27137080913670442e-01
 2.72000000000000000e+03, 8.27137080426078697e-01
 2.73000000000000000e+03, 8.27137079930675312e-01
 2.74000000000000000e+03, 8.27137079431384148e-01
 2.75000000000000000e+03, 8.27137078932129288e-01
 2.76000000000000000e+03, 8.27137078436834816e-01
 2.77000000000000000e+03, 8.27137077949424371e-01
 2.78000000000000000e+03, 8.27137077473822147e-01
 2.79000000000000000e+03, 8.27137077013952338e-01
 2.80000000000000000e+03, 8.27137076573738250e-01
 2.81000000000000000e+03, 8.27137076157104301e-01
 2.82000000000000000e+03, 8.27137075767974461e-01
 2.83000000000000000e+03, 8.27137075410272593e-01
 2.84000000000000000e+03, 8.27137075087922558e-01
 2.85000000000000000e+03, 8.27137074804848438e-01
 2.86000000000000000e+03, 8.27137074564974206e-01
 2.87000000000000000e+03, 8.27137074372223835e-01
 2.88000000000000000e+03, 8.27137074230521074e-01
 2.89000000000000000e+03, 8.27137074143790230e-01
 2.90000000000000000e+03, 8.27137074115954940e-01
 2.91000000000000000e+03, 8.27137074150939400e-01
 2.92000000000000000e+03, 8.27137074252667470e-01
 2.93000000000000000e+03, 8.27137074425063012e-01
 2.94000000000000000e+03, 8.27137074672050332e-01
 2.95000000000000000e+03, 8.27137074997552846e-01
 2.96000000000000000e+03, 8.27137075405494970e-01
 2.97000000000000000e+03, 8.27137075899800456e-01
 2.98000000000000000e+03, 8.27137076484393496e-01
 2.99000000000000000e+03, 8.27137077163197731e-01
 3.00000000000000000e+03, 8.27137077940137133e-01
 3.01000000000000000e+03, 8.27137078819136007e-01
 3.02000000000000000e+03, 8.27137079450268264e-01
 3.03000000000000000e+03, 8.27137079311100143e-01
 3.04000000000000000e+03, 8.27137079177523216e-01
 3.05000000000000000e+03, 8.27137079050315860e-01
 3.06000000000000000e+03, 8.27137078930256453e-01
 3.07000000000000000e+03, 8.27137078818123261e-01
 3.08000000000000000e+03, 8.27137078714694662e-01
 3.09000000000000000e+03, 8.27137078620749255e-01
 3.10000000000000000e+03, 8.27137078537065196e-01
 3.11000000000000000e+03, 8.27137078464420639e-01
 3.12000000000000000e+03, 8.27137078403594184e-01
 3.13000000000000000e+03, 8.27137078355364208e-01
 3.14000000000000000e+03, 8.27137078320508867e-01
 3.15000000000000000e+03, 8.27137078299806761e-01
 3.16000000000000000e+03, 8.27137078294036043e-01
 3.17000000000000000e+03, 8.27137078303975204e-01
 3.18000000000000000e+03, 8.27137078330402287e-01
 3.19000000000000000e+03, 8.27137078374096113e-01
 3.20000000000000000e+03, 8.27137078435834727e-01
 3.21000000000000000e+03, 8.27137078516396729e-01
 3.22000000000000000e+03, 8.27137078616560162e-01
 3.23000000000000000e+03, 8.27137078737103404e-01
 3.24000000000000000e+03, 8.27137078878805165e-01
 3.25000000000000000e+03, 8.27137079042443379e-01
 3.26000000000000000e+03, 8.27137079228796535e-01
 3.27000000000000000e+03, 8.27137079438643119e-01
 3.28000000000000000e+03, 8.27137079672761399e-01
 3.29000000000000000e+03, 8.27137079931929642e-01
 3.30000000000000000e+03, 8.27137080216926224e-01
 3.31000000000000000e+03, 8.27137080528529745e-01
 3.32000000000000000e+03, 8.27137080867518137e-01
 3.33000000000000000e+03, 8.27137081234670113e-01
 3.34000000000000000e+03, 8.27137081630763826e-01
 3.35000000000000000e+03, 8.27137081988694178e-01
 3.36000000000000000e+03, 8.27137082082697872e-01
 3.37000000000000000e+03, 8.27137082176005123e-01
 3.38000000000000000e+03, 8.27137082268462387e-01
 3.39000000000000000e+03, 8.27137082359915898e-01
 3.40000000000000000e+03, 8.27137082450212113e-01
 3.41000000000000000e+03, 8.27137082539197044e-01
 3.42000000000000000e+03, 8.27137082626717146e-01
 3.43000000000000000e+03, 8.27137082712618765e-01
 3.44000000000000000e+03, 8.27137082796748135e-01
 3.45000000000000000e+03, 8.27137082878951491e-01
 3.46000000000000000e+03, 8.27137082959075176e-01
 3.47000000000000000e+03, 8.27137083036965426e-01
 3.48000000000000000e+03, 8.27137083112468585e-01
 3.49000000000000000e+03, 8.27137083185430888e-01
 3.50000000000000000e+03, 8.27137083255698791e-01
 3.51000000000000000e+03, 8.27137083323118416e-01
 3.52000000000000000e+03, 8.27137083387535998e-01
 3.53000000000000000e+03, 8.27137083448797994e-01
 3.54000000000000000e+03, 8.27137083506750637e-01
 3.55000000000000000e+03, 8.27137083561240383e-01
 3.56000000000000000e+03, 8.27137083612113244e-01
 3.57000000000000000e+03, 8.27137083659215455e-01
 3.58000000000000000e+03, 8.27137083702393694e-01
 3.59000000000000000e+03, 8.27137083741493973e-01
 3.60000000000000000e+03, 8.27137083776362525e-01
 3.61000000000000000e+03, 8.27137083806845919e-01
 3.62000000000000000e+03, 8.27137083832790165e-01
 3.63000000000000000e+03, 8.27137083854041721e-01
 3.64000000000000000e+03, 8.27137083870446821e-01
 3.65000000000000000e+03, 8.27137083881851809e-01
 3.66000000000000000e+03, 8.27137083888102809e-01
 3.67000000000000000e+03, 8.27137083889046387e-01
 3.68000000000000000e+03, 8.27137083891424374e-01
 3.69000000000000000e+03, 8.27137083959555319e-01
 3.70000000000000000e+03, 8.27137084027196656e-01
 3.71000000000000000e+03, 8.27137084094255348e-01
 3.72000000000000000e+03, 8.27137084160638358e-01
 3.73000000000000000e+03, 8.27137084226253205e-01
 3.74000000000000000e+03, 8.27137084291006741e-01
 3.75000000000000000e+03, 8.27137084354806262e-01
 3.76000000000000000e+03, 8.27137084417558843e-01
 3.77000000000000000e+03, 8.27137084479171558e-01
 3.78000000000000000e+03, 8.27137084539551592e-01
 3.79000000000000000e+03, 8.27137084598606243e-01
 3.80000000000000000e+03, 8.27137084656242472e-01
 3.81000000000000000e+03, 8.27137084712367354e-01
 3.82000000000000000e+03, 8.27137084766888186e-01
 3.83000000000000000e+03, 8.27137084819712154e-01
 3.84000000000000000e+03, 8.27137084870746109e-01
 3.85000000000000000e+03, 8.27137084919897458e-01
 3.86000000000000000e+03, 8.27137084967073388e-01
 3.87000000000000000e+03, 8.27137085012180751e-01
 3.88000000000000000e+03, 8.27137085055126953e-01
 3.89000000000000000e+03, 8.27137085095819069e-01
 3.90000000000000000e+03, 8.27137085134163952e-01
 3.91000000000000000e+03, 8.27137085170069342e-01
 3.92000000000000000e+03, 8.27137085203441758e-01
 3.93000000000000000e+03, 8.27137085234188718e-01
 3.94000000000000000e+03, 8.27137085262217298e-01
 3.95000000000000000e+03, 8.27137085287434570e-01
 3.96000000000000000e+03, 8.27137085309747722e-01
 3.97000000000000000e+03, 8.27137085329063937e-01
 3.98000000000000000e+03, 8.27137085345290179e-01
 3.99000000000000000e+03, 8.27137085358333857e-01
 4.00000000000000000e+03, 8.27137085368101710e-01
 4.01000000000000000e+03, 8.27137085374501257e-01
 4.02000000000000000e+03, 8.27137085377439463e-01
 4.03000000000000000e+03, 8.27137085376823511e-01
 4.04000000000000000e+03, 8.27137085372560477e-01
 4.05000000000000000e+03, 8.27137085364557656e-01
 4.06000000000000000e+03, 8.27137085352722123e-01
 4.07000000000000000e+03, 8.27137085336961064e-01
 4.08000000000000000e+03, 8.27137085317181442e-01
 4.09000000000000000e+03, 8.27137085293290331e-01
 4.10000000000000000e+03, 8.27137085265195249e-01
 4.11000000000000000e+03, 8.27137085232803049e-01
 4.12000000000000000e+03, 8.27137085196021027e-01
 4.13000000000000000e+03, 8.27137085154756257e-01
 4.14000000000000000e+03, 8.27137085108915815e-01
 4.15000000000000000e+03, 8.27137085058406996e-01
 4.16000000000000000e+03, 8.27137085003136541e-01
 4.17000000000000000e+03, 8.27137084943012191e-01
 4.18000000000000000e+03, 8.27137084877940576e-01
 4.19000000000000000e+03, 8.27137084807829215e-01
 4.20000000000000000e+03, 8.27137084732584849e-01
 4.21000000000000000e+03, 8.27137084652114996e-01
 4.22000000000000000e+03, 8.27137084566326508e-01
 4.23000000000000000e+03, 8.27137084475126794e-01
 4.24000000000000000e+03, 8.27137084378422816e-01
 4.25000000000000000e+03, 8.27137084348346430e-01
 4.26000000000000000e+03, 8.27137084421139424e-01
 4.27000000000000000e+03, 8.27137084492774011e-01
 4.28000000000000000e+03, 8.27137084563249636e-01
 4.29000000000000000e+03, 8.27137084632566855e-01
 4.30000000000000000e+03, 8.27137084700725334e-01
 4.31000000000000000e+03, 8.27137084767725406e-01
 4.32000000000000000e+03, 8.27137084833566738e-01
 4.33000000000000000e+03, 8.27137084898249442e-01
 4.34000000000000000e+03, 8.27137084961773406e-01
 4.35000000000000000e+03, 8.27137085024138963e-01
 4.36000000000000000e+03, 8.27137085085345558e-01
 4.37000000000000000e+03, 8.27137085145393747e-01
 4.38000000000000000e+03, 8.27137085204283418e-01
 4.39000000000000000e+03, 8.27137085262014238e-01
 4.40000000000000000e+03, 8.27137085318586540e-01
 4.41000000000000000e+03, 8.27137085374000103e-01
 4.42000000000000000e+03, 8.27137085428255148e-01
 4.43000000000000000e+03, 8.27137085481351675e-01
 4.44000000000000000e+03, 8.27137085533289351e-01
 4.45000000000000000e+03, 8.27137085584068510e-01
 4.46000000000000000e+03, 8.27137085633689151e-01
 4.47000000000000000e+03, 8.27137085682151052e-01
 4.48000000000000000e+03, 8.27137085729454213e-01
 4.49000000000000000e+03, 8.27137085775598968e-01
 4.50000000000000000e+03, 8.27137085820584983e-01
 4.51000000000000000e+03, 8.27137085864412369e-01
 4.52000000000000000e+03, 8.27137085907081127e-01
 4.53000000000000000e+03, 8.27137085948591255e-01
 4.54000000000000000e+03, 8.27137085988942755e-01
 4.55000000000000000e+03, 8.27137086028135626e-01
 4.56000000000000000e+03, 8.27137086066169869e-01
 4.57000000000000000e+03, 8.27137086103045482e-01
 4.58000000000000000e+03, 8.27137086138762467e-01
 4.59000000000000000e+03, 8.27137086173320824e-01
 4.60000000000000000e+03, 8.27137086206720662e-01
 4.61000000000000000e+03, 8.27137086238961872e-01
 4.62000000000000000e+03, 8.27137086270044120e-01
 4.63000000000000000e+03, 8.27137086299968072e-01
 4.64000000000000000e+03, 8.27137086328733284e-01
 4.65000000000000000e+03, 8.27137086356339979e-01
 4.66000000000000000e+03, 8.27137086382788045e-01
 4.67000000000000000e+03, 8.27137086408077371e-01
 4.68000000000000000e+03, 8.27137086432207957e-01
 4.69000000000000000e+03, 8.27137086455180026e-01
 4.70000000000000000e+03, 8.27137086476993577e-01
 4.71000000000000000e+03, 8.27137086497648499e-01
 4.72000000000000000e+03, 8.27137086517144571e-01
 4.73000000000000000e+03, 8.27137086535482235e-01
 4.74000000000000000e+03, 8.27137086552661160e-01
 4.75000000000000000e+03, 8.27137086568681568e-01
 4.76000000000000000e+03, 8.27137086583543346e-01
 4.77000000000000000e+03, 8.27137086597246274e-01
 4.78000000000000000e+03, 8.27137086609790795e-01
 4.79000000000000000e+03, 8.27137086621176576e-01
 4.80000000000000000e+03, 8.27137086631403839e-01
 4.81000000000000000e+03, 8.27137086640472474e-01
 4.82000000000000000e+03, 8.27137086648382258e-01
 4.83000000000000000e+03, 8.27137086655133635e-01
 4.84000000000000000e+03, 8.27137086660726273e-01
 4.85000000000000000e+03, 8.27137086665160393e-01
 4.86000000000000000e+03, 8.27137086668435773e-01
 4.87000000000000000e+03, 8.27137086670552635e-01
 4.88000000000000000e+03, 8.27137086671510646e-01
 4.89000000000000000e+03, 8.27137086671310362e-01
 4.90000000000000000e+03, 8.27137086669951338e-01
 4.91000000000000000e+03, 8.27137086667433574e-01
 4.92000000000000000e+03, 8.27137086663757182e-01
 4.93000000000000000e+03, 8.27137086658922382e-01
 4.94000000000000000e+03, 8.27137086652928732e-01
 4.95000000000000000e+03, 8.27137086645776454e-01
 4.96000000000000000e+03, 8.27137086637465768e-01
 4.97000000000000000e+03, 8.27137086627996232e-01
 4.98000000000000000e+03, 8.27137086617368067e-01
 4.99000000000000000e+03, 8.27137086605581384e-01
 5.00000000000000000e+03, 8.27137086592636073e-01
 5.01000000000000000e+03, 8.27137086578532243e-01
 5.02000000000000000e+03, 8.27137086563269452e-01
 5.03000000000000000e+03, 8.27137086546848255e-01
 5.04000000000000000e+03, 8.27137086529268428e-01
 5.05000000000000000e+03, 8.27137086510529973e-01
 5.06000000000000000e+03, 8.27137086490632778e-01
 5.07000000000000000e+03, 8.27137086469577065e-01
 5.08000000000000000e+03, 8.27137086447362835e-01
 5.09000000000000000e+03, 8.27137086423989865e-01
 5.10000000000000000e+03, 8.27137086399458266e-01
 5.11000000000000000e+03, 8.27137086373767927e-01
 5.12000000000000000e+03, 8.27137086346919070e-01
 5.13000000000000000e+03, 8.27137086318911585e-01
 5.14000000000000000e+03, 8.27137086289745360e-01
 5.15000000000000000e+03, 8.27137086259420728e-01
 5.16000000000000000e+03, 8.27137086227937246e-01
 5.17000000000000000e+03, 8.27137086195295246e-01
 5.18000000000000000e+03, 8.27137086161494728e-01
 5.19000000000000000e+03, 8.27137086126535470e-01
 5.20000000000000000e+03, 8.27137086090417584e-01
 5.21000000000000000e+03, 8.27137086053140957e-01
 5.22000000000000000e+03, 8.27137086014705925e-01
 5.23000000000000000e+03, 8.27137085975112041e-01
 5.24000000000000000e+03, 8.27137085934359639e-01
 5.25000000000000000e+03, 8.27137085892448720e-01
 5.26000000000000000e+03, 8.27137085849379172e-01
 5.27000000000000000e+03, 8.27137085805150774e-01
 5.28000000000000000e+03, 8.27137085759763857e-01
 5.29000000000000000e+03, 8.27137085713218312e-01
 5.30000000000000000e+03, 8.27137085665514249e-01
 5.31000000000000000e+03, 8.27137085616651224e-01
 5.32000000000000000e+03, 8.27137085566630015e-01
 5.33000000000000000e+03, 8.27137085515449955e-01
 5.34000000000000000e+03, 8.27137085463111266e-01
 5.35000000000000000e+03, 8.27137085409613948e-01
 5.36000000000000000e+03, 8.27137085354958002e-01
 5.37000000000000000e+03, 8.27137085299143537e-01
 5.38000000000000000e+03, 8.27137085242170222e-01
 5.39000000000000000e+03, 8.27137085184038612e-01
 5.40000000000000000e+03, 8.27137085124748039e-01
 5.41000000000000000e+03, 8.27137085064298949e-01
 5.42000000000000000e+03, 8.27137085002691341e-01
 5.43000000000000000e+03, 8.27137084939925105e-01
 5.44000000000000000e+03, 8.27137084876000128e-01
 5.45000000000000000e+03, 8.27137084810916412e-01
 5.46000000000000000e+03, 8.27137084744674178e-01
 5.47000000000000000e+03, 8.27137084677273426e-01
 5.48000000000000000e+03, 8.27137084608714046e-01
 5.49000000000000000e+03, 8.27137084538995926e-01
 5.50000000000000000e+03, 8.27137084468119177e-01
 5.51000000000000000e+03, 8.27137084396084021e-01
 5.52000000000000000e+03, 8.27137084322890015e-01
 5.53000000000000000e+03, 8.27137084248537380e-01
 5.54000000000000000e+03, 8.27137084211417073e-01
 5.55000000000000000e+03, 8.27137084230570752e-01
 5.56000000000000000e+03, 8.27137084249517152e-01
 5.57000000000000000e+03, 8.27137084268256273e-01
 5.58000000000000000e+03, 8.27137084286788449e-01
 5.59000000000000000e+03, 8.27137084305113457e-01
 5.60000000000000000e+03, 8.27137084323231297e-01
 5.61000000000000000e+03, 8.27137084341141859e-01
 5.62000000000000000e+03, 8.27137084358845365e-01
 5.63000000000000000e+03, 8.27137084376341591e-01
 5.64000000000000000e+03, 8.27137084393630762e-01
 5.65000000000000000e+03, 8.27137084410712764e-01
 5.66000000000000000e+03, 8.27137084427587599e-01
 5.67000000000000000e+03, 8.27137084444255266e-01
 5.68000000000000000e+03, 8.27137084460715655e-01
 5.69000000000000000e+03, 8.27137084476968987e-01
 5.70000000000000000e+03, 8.27137084493015151e-01
 5.71000000000000000e+03, 8.27137084508854148e-01
 5.72000000000000000e+03, 8.27137084524486088e-01
 5.73000000000000000e+03, 8.27137084539910639e-01
 5.74000000000000000e+03, 8.27137084555128244e-01
 5.75000000000000000e+03, 8.27137084570138570e-01
 5.76000000000000000e+03, 8.27137084584941729e-01
 5.77000000000000000e+03, 8.27137084599537720e-01
 5.78000000000000000e+03, 8.27137084613926543e-01
 5.79000000000000000e+03, 8.27137084628108310e-01
 5.80000000000000000e+03, 8.27137084642082798e-01
 5.81000000000000000e+03, 8.27137084655850230e-01
 5.82000000000000000e+03, 8.27137084669410494e-01
 5.83000000000000000e+03, 8.27137084682763590e-01
 5.84000000000000000e+03, 8.27137084695909408e-01
 5.85000000000000000e+03, 8.27137084708848169e-01
 5.86000000000000000e+03, 8.27137084721579763e-01
 5.87000000000000000e+03, 8.27137084734104189e-01
 5.88000000000000000e+03, 8.27137084746421336e-01
 5.89000000000000000e+03, 8.27137084758531427e-01
 5.90000000000000000e+03, 8.27137084770434350e-01
 5.91000000000000000e+03, 8.27137084782129994e-01
 5.92000000000000000e+03, 8.27137084793618693e-01
 5.93000000000000000e+03, 8.27137084804900113e-01
 5.94000000000000000e+03, 8.27137084815974477e-01
 5.95000000000000000e+03, 8.27137084826841451e-01
 5.96000000000000000e+03, 8.27137084837501368e-01
 5.97000000000000000e+03, 8.27137084847954118e-01
 5.98000000000000000e+03, 8.27137084858199700e-01
 5.99000000000000000e+03, 8.27137084868238115e-01
 6.00000000000000000e+03, 8.27137084878069473e-01
 6.01000000000000000e+03, 8.27137084887693663e-01
 6.02000000000000000e+03, 8.27137084897110686e-01
 6.03000000000000000e+03, 8.27137084906320430e-01
 6.04000000000000000e+03, 8.27137084915323006e-01
 6.05000000000000000e+03, 8.27137084924118637e-01
 6.06000000000000000e+03, 8.27137084932706879e-01
 6.07000000000000000e+03, 8.27137084941088063e-01
 6.08000000000000000e+03, 8.27137084949262080e-01
 6.09000000000000000e+03, 8.27137084957228930e-01
 6.10000000000000000e+03, 8.27137084964988611e-01
 6.11000000000000000e+03, 8.27137084972541015e-01
 6.12000000000000000e+03, 8.27137084979886472e-01
 6.13000000000000000e+03, 8.27137084987024651e-01
 6.14000000000000000e+03, 8.27137084993955551e-01
 6.15000000000000000e+03, 8.27137085000679506e-01
 6.16000000000000000e+03, 8.27137085007196182e-01
 6.17000000000000000e+03, 8.27137085013505691e-01
 6.18000000000000000e+03, 8.27137085019608143e-01
 6.19000000000000000e+03, 8.27137085025503205e-01
 6.20000000000000000e+03, 8.27137085031191321e-01
 6.21000000000000000e+03, 8.27137085036672159e-01
 6.22000000000000000e+03, 8.27137085041945941e-01
 6.23000000000000000e+03, 8.27137085047012444e-01
 6.24000000000000000e+03, 8.27137085051871779e-01
 6.25000000000000000e+03, 8.27137085056523946e-01
 6.26000000000000000e+03, 8.27137085060969168e-01
 6.27000000000000000e+03, 8.27137085065207001e-01
 6.28000000000000000e+03, 8.27137085069237887e-01
 6.29000000000000000e+03, 8.27137085073061273e-01
 6.30000000000000000e+03, 8.27137085076677825e-01
 6.31000000000000000e+03, 8.27137085080086987e-01
 6.32000000000000000e+03, 8.27137085083289203e-01
 6.33000000000000000e+03, 8.27137085086284030e-01
 6.34000000000000000e+03, 8.27137085089071800e-01
 6.35000000000000000e+03, 8.27137085091652402e-01
 6.36000000000000000e+03, 8.27137085094025948e-01
 6.37000000000000000e+03, 8.27137085096192104e-01
 6.38000000000000000e+03, 8.27137085098151315e-01
 6.39000000000000000e+03, 8.27137085099903135e-01
 6.40000000000000000e+03, 8.27137085101448122e-01
 6.41000000000000000e+03, 8.27137085102785607e-01
 6.42000000000000000e+03, 8.27137085103916148e-01
 6.43000000000000000e+03, 8.27137085104839409e-01
 6.44000000000000000e+03, 8.27137085105555725e-01
 6.45000000000000000e+03, 8.27137085106064540e-01
 6.46000000000000000e+03, 8.27137085106366410e-01
 6.47000000000000000e+03, 8.27137085106461001e-01
 6.48000000000000000e+03, 8.27137085106348535e-01
 6.49000000000000000e+03, 8.27137085106028902e-01
 6.50000000000000000e+03, 8.27137085105502101e-01
 6.51000000000000000e+03, 8.27137085104768133e-01
 6.52000000000000000e+03, 8.27137085103826997e-01
 6.53000000000000000e+03, 8.27137085102678693e-01
 6.54000000000000000e+03, 8.27137085101323111e-01
 6.55000000000000000e+03, 8.27137085099760583e-01
 6.56000000000000000e+03, 8.27137085097990776e-01
 6.57000000000000000e+03, 8.27137085096013691e-01
 6.58000000000000000e+03, 8.27137085093829660e-01
 6.59000000000000000e+03, 8.27137085091438240e-01
 6.60000000000000000e+03, 8.27137085088839874e-01
 6.61000000000000000e+03, 8.27137085086034229e-01
 6.62000000000000000e+03, 8.27137085083021639e-01
 6.63000000000000000e+03, 8.27137085079801548e-01
 6.64000000000000000e+03, 8.27137085076374512e-01
 6.65000000000000000e+03, 8.27137085072740086e-01
 6.66000000000000000e+03, 8.27137085068898825e-01
 6.67000000000000000e+03, 8.27137085064850175e-01
 6.68000000000000000e+03, 8.27137085060594468e-01
 6.69000000000000000e+03, 8.27137085056131482e-01
 6.70000000000000000e+03, 8.27137085051461551e-01
 6.71000000000000000e+03, 8.27137085046584231e-01
 6.72000000000000000e+03, 8.27137085041499853e-01
 6.73000000000000000e+03, 8.27137085036208419e-01
 6.74000000000000000e+03, 8.27137085030709596e-01
 6.75000000000000000e+03, 8.27137085025003715e-01
 6.76000000000000000e+03, 8.27137085019090668e-01
 6.77000000000000000e+03, 8.27137085012970452e-01
 6.78000000000000000e+03, 8.27137085006642958e-01
 6.79000000000000000e+03, 8.27137085000108629e-01
 6.80000000000000000e+03, 8.27137084993366800e-01
 6.81000000000000000e+03, 8.27137084986417914e-01
 6.82000000000000000e+03, 8.27137084979261861e-01
 6.83000000000000000e+03, 8.27137084971898751e-01
 6.84000000000000000e+03, 8.27137084964328251e-01
 6.85000000000000000e+03, 8.27137084956550805e-01
 6.86000000000000000e+03, 8.27137084948566081e-01
 6.87000000000000000e+03, 8.27137084940374412e-01
 6.88000000000000000e+03, 8.27137084931975242e-01
 6.89000000000000000e+03, 8.27137084923369126e-01
 6.90000000000000000e+03, 8.27137084914555731e-01
 6.91000000000000000e+03, 8.27137084905535391e-01
 6.92000000000000000e+03, 8.27137084896307773e-01
 6.93000000000000000e+03, 8.27137084886872875e-01
 6.94000000000000000e+03, 8.27137084877231032e-01
 6.95000000000000000e+03, 8.27137084867381800e-01
 6.96000000000000000e+03, 8.27137084857325622e-01
 6.97000000000000000e+03, 8.27137084847062054e-01
 6.98000000000000000e+03, 8.27137084836591541e-01
 6.99000000000000000e+03, 8.27137084825913749e-01
 7.00000000000000000e+03, 8.27137084815028789e-01
 7.01000000000000000e+03, 8.27137084803936662e-01
 7.02000000000000000e+03, 8.27137084792637478e-01
 7.03000000000000000e+03, 8.27137084781131016e-01
 7.04000000000000000e+03, 8.27137084769417275e-01
 7.05000000000000000e+03, 8.27137084757496588e-01
 7.06000000000000000e+03, 8.27137084745368623e-01
 7.07000000000000000e+03, 8.27137084733033490e-01
 7.08000000000000000e+03, 8.27137084720491300e-01
 7.09000000000000000e+03, 8.27137084707741943e-01
 7.10000000000000000e+03, 8.27137084694785307e-01
 7.11000000000000000e+03, 8.27137084681621615e-01
 7.12000000000000000e+03, 8.27137084668250755e-01
 7.13000000000000000e+03, 8.27137084654672727e-01
 7.14000000000000000e+03, 8.27137084640887532e-01
 7.15000000000000000e+03, 8.27137084626895058e-01
 7.16000000000000000e+03, 8.27137084612695639e-01
 7.17000000000000000e+03, 8.27137084598288830e-01
 7.18000000000000000e+03, 8.27137084583675075e-01
 7.19000000000000000e+03, 8.27137084568854042e-01
 7.20000000000000000e+03, 8.27137084553825730e-01
 7.21000000000000000e+03, 8.27137084538590472e-01
 7.22000000000000000e+03, 8.27137084523147825e-01
 7.23000000000000000e+03, 8.27137084507498233e-01
 7.24000000000000000e+03, 8.27137084491641361e-01
 7.25000000000000000e+03, 8.27137084475577322e-01
 7.26000000000000000e+03, 8.27137084459306116e-01
 7.27000000000000000e+03, 8.27137084442827741e-01
 7.28000000000000000e+03, 8.27137084426142311e-01
 7.29000000000000000e+03, 8.27137084409249712e-01
 7.30000000000000000e+03, 8.27137084392149946e-01
 7.31000000000000000e+03, 8.27137084374842901e-01
 7.32000000000000000e+03, 8.27137084357328800e-01
 7.33000000000000000e+03, 8.27137084339607531e-01
 7.34000000000000000e+03, 8.27137084321678984e-01
 7.35000000000000000e+03, 8.27137084303543380e-01
 7.36000000000000000e+03, 8.27137084285200608e-01
 7.37000000000000000e+03, 8.27137084266650557e-01
 7.38000000000000000e+03, 8.27137084247893561e-01
 7.39000000000000000e+03, 8.27137084228929176e-01
 7.40000000000000000e+03, 8.27137084209757734e-01
 7.41000000000000000e+03, 8.27137084190379235e-01
 7.42000000000000000e+03, 8.27137084170793457e-01
 7.43000000000000000e+03, 8.27137084151000512e-01
 7.44000000000000000e+03, 8.27137084131000400e-01
 7.45000000000000000e+03, 8.27137084110793230e-01
 7.46000000000000000e+03, 8.27137084090378782e-01
 7.47000000000000000e+03, 8.27137084069757278e-01
 7.48000000000000000e+03, 8.27137084048928384e-01
 7.49000000000000000e+03, 8.27137084027892544e-01
 7.50000000000000000e+03, 8.27137084006649426e-01
 7.51000000000000000e+03, 8.27137083985199251e-01
 7.52000000000000000e+03, 8.27137083963541797e-01
 7.53000000000000000e+03, 8.27137083941677287e-01
 7.54000000000000000e+03, 8.27137083941688833e-01
 7.55000000000000000e+03, 8.27137083947607543e-01
 7.56000000000000000e+03, 8.27137083953487950e-01
 7.57000000000000000e+03, 8.27137083959330388e-01
 7.58000000000000000e+03, 8.27137083965134634e-01
 7.59000000000000000e+03, 8.27137083970900688e-01
 7.60000000000000000e+03, 8.27137083976628551e-01
 7.61000000000000000e+03, 8.27137083982318444e-01
 7.62000000000000000e+03, 8.27137083987970145e-01
 7.63000000000000000e+03, 8.27137083993583655e-01
 7.64000000000000000e+03, 8.27137083999159084e-01
 7.65000000000000000e+03, 8.27137084004696321e-01
 7.66000000000000000e+03, 8.27137084010195589e-01
 7.67000000000000000e+03, 8.27137084015656554e-01
 7.68000000000000000e+03, 8.27137084021079438e-01
 7.69000000000000000e+03, 8.27137084026464131e-01
 7.70000000000000000e+03, 8.27137084031810743e-01
 7.71000000000000000e+03, 8.27137084037119386e-01
 7.72000000000000000e+03, 8.27137084042389614e-01
 7.73000000000000000e+03, 8.27137084047621984e-01
 7.74000000000000000e+03, 8.27137084052815830e-01
 7.75000000000000000e+03, 8.27137084057972038e-01
 7.76000000000000000e+03, 8.27137084063089723e-01
 7.77000000000000000e+03, 8.27137084068169437e-01
 7.78000000000000000e+03, 8.27137084073210960e-01
 7.79000000000000000e+03, 8.27137084078214291e-01
 7.80000000000000000e+03, 8.27137084083179652e-01
 7.81000000000000000e+03, 8.27137084088106600e-01
 7.82000000000000000e+03, 8.27137084092995689e-01
 7.83000000000000000e+03, 8.27137084097846476e-01
 7.84000000000000000e+03, 8.27137084102659403e-01
 7.85000000000000000e+03, 8.27137084107434029e-01
 7.86000000000000000e+03, 8.27137084112170351e-01
 7.87000000000000000e+03, 8.27137084116868815e-01
 7.88000000000000000e+03, 8.27137084121529087e-01
 7.89000000000000000e+03, 8.27137084126151056e-01
 7.90000000000000000e+03, 8.27137084130734834e-01
 7.91000000000000000e+03, 8.27137084135280642e-01
 7.92000000000000000e+03, 8.27137084139788370e-01
 7.93000000000000000e+03, 8.27137084144258017e-01
 7.94000000000000000e+03, 8.27137084148689361e-01
 7.95000000000000000e+03, 8.27137084153082625e-01
 7.96000000000000000e+03, 8.27137084157437807e-01
 7.97000000000000000e+03, 8.27137084161754577e-01
 7.98000000000000000e+03, 8.27137084166033598e-01
 7.99000000000000000e+03, 8.27137084170274317e-01
 8.00000000000000000e+03, 8.27137084174476844e-01
 8.01000000000000000e+03, 8.27137084178641291e-01
 8.02000000000000000e+03, 8.27137084182767657e-01
 8.03000000000000000e+03, 8.27137084186855720e-01
 8.04000000000000000e+03, 8.27137084190905703e-01
 8.05000000000000000e+03, 8.27137084194917827e-01
 8.06000000000000000e+03, 8.27137084198891648e-01
 8.07000000000000000e+03, 8.27137084202827277e-01
 8.08000000000000000e+03, 8.27137084206724715e-01
 8.09000000000000000e+03, 8.27137084210584184e-01
 8.10000000000000000e+03, 8.27137084214405460e-01
 8.11000000000000000e+03, 8.27137084218188323e-01
 8.12000000000000000e+03, 8.27137084221933327e-01
 8.13000000000000000e+03, 8.27137084225640251e-01
 8.14000000000000000e+03, 8.27137084229309094e-01
 8.15000000000000000e+03, 8.27137084232939412e-01
 8.16000000000000000e+03, 8.27137084236531983e-01
 8.17000000000000000e+03, 8.27137084240086362e-01
 8.18000000000000000e+03, 8.27137084243602438e-01
 8.19000000000000000e+03, 8.27137084247080545e-01
 8.20000000000000000e+03, 8.27137084250520349e-01
 8.21000000000000000e+03, 8.27137084253922183e-01
 8.22000000000000000e+03, 8.27137084257285826e-01
 8.23000000000000000e+03, 8.27137084260611277e-01
 8.24000000000000000e+03, 8.27137084263898537e-01
 8.25000000000000000e+03, 8.27137084267147937e-01
 8.26000000000000000e+03, 8.27137084270359035e-01
 8.27000000000000000e+03, 8.27137084273532053e-01
 8.28000000000000000e+03, 8.27137084276666767e-01
 8.29000000000000000e+03, 8.27137084279763402e-01
 8.30000000000000000e+03, 8.27137084282821955e-01
 8.31000000000000000e+03, 8.27137084285842539e-01
 8.32000000000000000e+03, 8.27137084288824820e-01
 8.33000000000000000e+03, 8.27137084291768909e-01
 8.34000000000000000e+03, 8.27137084294674918e-01
 8.35000000000000000e+03, 8.27137084297542735e-01
 8.36000000000000000e+03, 8.27137084300372472e-01
 8.37000000000000000e+03, 8.27137084303164238e-01
 8.38000000000000000e+03, 8.27137084305917591e-01
 8.39000000000000000e+03, 8.27137084308632975e-01
 8.40000000000000000e+03, 8.27137084311310167e-01
 8.41000000000000000e+03, 8.27137084313949278e-01
 8.42000000000000000e+03, 8.27137084316550308e-01
 8.43000000000000000e+03, 8.27137084319113036e-01
 8.44000000000000000e+03, 8.27137084321637683e-01
 8.45000000000000000e+03, 8.27137084324124250e-01
 8.46000000000000000e+03, 8.27137084326572625e-01
 8.47000000000000000e+03, 8.27137084328982919e-01
 8.48000000000000000e+03, 8.27137084331355021e-01
 8.49000000000000000e+03, 8.27137084333689154e-01
 8.50000000000000000e+03, 8.27137084335984873e-01
 8.51000000000000000e+03, 8.27137084338242734e-01
 8.52000000000000000e+03, 8.27137084340462292e-01
 8.53000000000000000e+03, 8.27137084342643769e-01
 8.54000000000000000e+03, 8.27137084344787166e-01
 8.55000000000000000e+03, 8.27137084346892260e-01
 8.56000000000000000e+03, 8.27137084348959495e-01
 8.57000000000000000e+03, 8.27137084350988316e-01
 8.58000000000000000e+03, 8.27137084352979168e-01
 8.59000000000000000e+03, 8.27137084354931718e-01
 8.60000000000000000e+03, 8.27137084356846408e-01
 8.61000000000000000e+03, 8.27137084358722685e-01
 8.62000000000000000e+03, 8.27137084360560881e-01
 8.63000000000000000e+03, 8.27137084362360997e-01
 8.64000000000000000e+03, 8.27137084364123032e-01
 8.65000000000000000e+03, 8.27137084365846986e-01
 8.66000000000000000e+03, 8.27137084367532638e-01
 8.67000000000000000e+03, 8.27137084369180320e-01
 8.68000000000000000e+03, 8.27137084370789699e-01
 8.69000000000000000e+03, 8.27137084372360998e-01
 8.70000000000000000e+03, 8.27137084373894327e-01
 8.71000000000000000e+03, 8.27137084375389242e-01
 8.72000000000000000e+03, 8.27137084376846299e-01
 8.73000000000000000e+03, 8.27137084378265053e-01
 8.74000000000000000e+03, 8.27137084379645726e-01
 8.75000000000000000e+03, 8.27137084380988097e-01
 8.76000000000000000e+03, 8.27137084382292609e-01
 8.77000000000000000e+03, 8.27137084383558929e-01
 8.78000000000000000e+03, 8.27137084384786947e-01
 8.79000000000000000e+03, 8.27137084385976995e-01
 8.80000000000000000e+03, 8.27137084387128629e-01
 8.81000000000000000e+03, 8.27137084388242405e-01
 8.82000000000000000e+03, 8.27137084389318100e-01
 8.83000000000000000e+03, 8.27137084390355493e-01
 8.84000000000000000e+03, 8.27137084391354804e-01
 8.85000000000000000e+03, 8.27137084392315924e-01
 8.86000000000000000e+03, 8.27137084393238964e-01
 8.87000000000000000e+03, 8.27137084394123923e-01
 8.88000000000000000e+03, 8.27137084394970690e-01
 8.89000000000000000e+03, 8.27137084395779265e-01
 8.90000000000000000e+03, 8.27137084396549760e-01
 8.91000000000000000e+03, 8.27137084397282174e-01
 8.92000000000000000e+03, 8.27137084397976285e-01
 8.93000000000000000e+03, 8.27137084398632538e-01
 8.94000000000000000e+03, 8.27137084399250488e-01
 8.95000000000000000e+03, 8.27137084399830358e-01
 8.96000000000000000e+03, 8.27137084400372036e-01
 8.97000000000000000e+03, 8.27137084400875522e-01
 8.98000000000000000e+03, 8.27137084401341038e-01
 8.99000000000000000e+03, 8.27137084401768252e-01
 9.00000000000000000e+03, 8.27137084402157496e-01
 9.01000000000000000e+03, 8.27137084402508549e-01
 9.02000000000000000e+03, 8.27137084402821299e-01
 9.03000000000000000e+03, 8.27137084403096190e-01
 9.04000000000000000e+03, 8.27137084403332667e-01
 9.05000000000000000e+03, 8.27137084403531175e-01
 9.06000000000000000e+03, 8.27137084403691603e-01
 9.07000000000000000e+03, 8.27137084403813838e-01
 9.08000000000000000e+03, 8.27137084403897882e-01
 9.09000000000000000e+03, 8.27137084403943734e-01
 9.10000000000000000e+03, 8.27137084403951728e-01
 9.11000000000000000e+03, 8.27137084403921419e-01
 9.12000000000000000e+03, 8.27137084403852807e-01
 9.13000000000000000e+03, 8.27137084403746337e-01
 9.14000000000000000e+03, 8.27137084403601563e-01
 9.15000000000000000e+03, 8.27137084403418710e-01
 9.16000000000000000e+03, 8.27137084403197664e-01
 9.17000000000000000e+03, 8.27137084402938649e-01
 9.18000000000000000e+03, 8.27137084402641443e-01
 9.19000000000000000e+03, 8.27137084402306044e-01
 9.20000000000000000e+03, 8.27137084401932454e-01
 9.21000000000000000e+03, 8.27137084401520783e-01
 9.22000000000000000e+03, 8.27137084401071032e-01
 9.23000000000000000e+03, 8.27137084400582978e-01
 9.24000000000000000e+03, 8.27137084400056954e-01
 9.25000000000000000e+03, 8.27137084399492739e-01
 9.26000000000000000e+03, 8.27137084398890443e-01
 9.27000000000000000e+03, 8.27137084398249955e-01
 9.28000000000000000e+03, 8.27137084397571387e-01
 9.29000000000000000e+03, 8.27137084396854627e-01
 9.30000000000000000e+03, 8.27137084396099675e-01
 9.31000000000000000e+03, 8.27137084395306643e-01
 9.32000000000000000e+03, 8.27137084394475752e-01
 9.33000000000000000e+03, 8.27137084393606337e-01
 9.34000000000000000e+03, 8.27137084392698951e-01
 9.35000000000000000e+03, 8.27137084391753485e-01
 9.36000000000000000e+03, 8.27137084390769717e-01
 9.37000000000000000e+03, 8.27137084389747868e-01
 9.38000000000000000e+03, 8.27137084388688049e-01
 9.39000000000000000e+03, 8.27137084387589816e-01
 9.40000000000000000e+03, 8.27137084386453725e-01
 9.41000000000000000e+03, 8.27137084385279331e-01
 9.42000000000000000e+03, 8.27137084384066856e-01
 9.43000000000000000e+03, 8.27137084382816301e-01
 9.44000000000000000e+03, 8.27137084381527443e-01
 9.45000000000000000e+03, 8.27137084380200616e-01
 9.46000000000000000e+03, 8.27137084378835596e-01
 9.47000000000000000e+03, 8.27137084377432386e-01
 9.48000000000000000e+03, 8.27137084375991205e-01
 9.49000000000000000e+03, 8.27137084374511833e-01
 9.50000000000000000e+03, 8.27137084372994269e-01
 9.51000000000000000e+03, 8.27137084371438625e-01
 9.52000000000000000e+03, 8.27137084369844788e-01
 9.53000000000000000e+03, 8.27137084368212872e-01
 9.54000000000000000e+03, 8.27137084366542541e-01
 9.55000000000000000e+03, 8.27137084364834463e-01
 9.56000000000000000e+03, 8.27137084363088082e-01
 9.57000000000000000e+03, 8.27137084361303510e-01
 9.58000000000000000e+03, 8.27137084359480967e-01
 9.59000000000000000e+03, 8.27137084357620012e-01
 9.60000000000000000e+03, 8.27137084355721197e-01
 9.61000000000000000e+03, 8.27137084353784080e-01
 9.62000000000000000e+03, 8.27137084351809104e-01
 9.63000000000000000e+03, 8.27137084349795715e-01
 9.64000000000000000e+03, 8.27137084347744245e-01
 9.65000000000000000e+03, 8.27137084345654694e-01
 9.66000000000000000e+03, 8.27137084343526952e-01
 9.67000000000000000e+03, 8.27137084341361239e-01
 9.68000000000000000e+03, 8.27137084339157225e-01
 9.69000000000000000e+03, 8.27137084336915129e-01
 9.70000000000000000e+03, 8.27137084334634842e-01
 9.71000000000000000e+03, 8.27137084332316475e-01
 9.72000000000000000e+03, 8.27137084329960026e-01
 9.73000000000000000e+03, 8.27137084327565386e-01
 9.74000000000000000e+03, 8.27137084325132554e-01
 9.75000000000000000e+03, 8.27137084322661753e-01
 9.76000000000000000e+03, 8.27137084320152538e-01
 9.77000000000000000e+03, 8.27137084317605575e-01
 9.78000000000000000e+03, 8.27137084315020199e-01
 9.79000000000000000e+03, 8.27137084312396742e-01
 9.80000000000000000e+03, 8.27137084309735093e-01
 9.81000000000000000e+03, 8.27137084307035475e-01
 9.82000000000000000e+03, 8.27137084304297554e-01
 9.83000000000000000e+03, 8.27137084301521663e-01
 9.84000000000000000e+03, 8.27137084298707581e-01
 9.85000000000000000e+03, 8.27137084295855196e-01
 9.86000000000000000e+03, 8.27137084292964841e-01
 9.87000000000000000e+03, 8.27137084290036184e-01
 9.88000000000000000e+03, 8.27137084287069557e-01
 9.89000000000000000e+03, 8.27137084284064961e-01
 9.90000000000000000e+03, 8.27137084281021839e-01
 9.91000000000000000e+03, 8.27137084277940859e-01
 9.92000000000000000e+03, 8.27137084274821799e-01
 9.93000000000000000e+03, 8.27137084271664214e-01
 9.94000000000000000e+03, 8.27137084268468881e-01
 9.95000000000000000e+03, 8.27137084265235134e-01
 9.96000000000000000e+03, 8.27137084261963529e-01
 9.97000000000000000e+03, 8.27137084258653732e-01
 9.98000000000000000e+03, 8.27137084255305743e-01
 9.99000000000000000e+03, 8.27137084251919563e-01
 1.00000000000000000e+04, 8.27137084248495302e-01
 1.00100000000000000e+04, 8.27137084245032850e-01
 1.00200000000000000e+04, 8.27137084241532206e-01
 1.00300000000000000e+04, 8.27137084237993703e-01
 1.00400000000000000e+04, 8.27137084234416897e-01
 1.00500000000000000e+04, 8.27137084230801900e-01
 1.00600000000000000e+04, 8.27137084227148711e-01
 1.00700000000000000e+04, 8.27137084223457553e-01
 1.00800000000000000e+04, 8.27137084219728314e-01
 1.00900000000000000e+04, 8.27137084215960883e-01
 1.01000000000000000e+04, 8.27137084212155260e-01
 1.01100000000000000e+04, 8.27137084208311335e-01
 1.01200000000000000e+04, 8.27137084204429551e-01
 1.01300000000000000e+04, 8.27137084200509576e-01
 1.01400000000000000e+04, 8.27137084196551409e-01
 1.01500000000000000e+04, 8.27137084192555050e-01
 1.01600000000000000e+04, 8.27137084188520721e-01
 1.01700000000000000e+04, 8.27137084184448201e-01
 1.01800000000000000e+04, 8.27137084180337490e-01
 1.01900000000000000e+04, 8.27137084176188586e-01
 1.02000000000000000e+04, 8.27137084172001602e-01
 1.02100000000000000e+04, 8.27137084167776537e-01
 1.02200000000000000e+04, 8.27137084163513392e-01
 1.02300000000000000e+04, 8.27137084159212055e-01
 1.02400000000000000e+04, 8.27137084154872526e-01
 1.02500000000000000e+04, 8.27137084150494917e-01
 1.02600000000000000e+04, 8.27137084146079116e-01
 1.02700000000000000e+04, 8.27137084141625345e-01
 1.02800000000000000e+04, 8.27137084137133383e-01
 1.02900000000000000e+04, 8.27137084132603118e-01
 1.03000000000000000e+04, 8.27137084128034772e-01
 1.03100000000000000e+04, 8.27137084123428346e-01
 1.03200000000000000e+04, 8.27137084118783839e-01
 1.03300000000000000e+04, 8.27137084114101029e-01
 1.03400000000000000e+04, 8.27137084109380250e-01
 1.03500000000000000e+04, 8.27137084104621279e-01
 1.03600000000000000e+04, 8.27137084099824116e-01
 1.03700000000000000e+04, 8.27137084094988984e-01
 1.03800000000000000e+04, 8.27137084090115660e-01
 1.03900000000000000e+04, 8.27137084085204033e-01
 1.04000000000000000e+04, 8.27137084080254548e-01
 1.04100000000000000e+04, 8.27137084075266538e-01
 1.04200000000000000e+04, 8.27137084070240669e-01
 1.04300000000000000e+04, 8.27137084065176720e-01
 1.04400000000000000e+04, 8.27137084060074579e-01
 1.04500000000000000e+04, 8.27137084054934246e-01
 1.04600000000000000e+04, 8.27137084049755722e-01
 1.04700000000000000e+04, 8.27137084044539228e-01
 1.04800000000000000e+04, 8.27137084039284542e-01
 1.04900000000000000e+04, 8.27137084033991554e-01
 1.05000000000000000e+04, 8.27137084028660707e-01
 1.05100000000000000e+04, 8.27137084023291447e-01
 1.05200000000000000e+04, 8.27137084017884217e-01
 1.05300000000000000e+04, 8.27137084012438906e-01
 1.05400000000000000e+04, 8.27137084006955292e-01
 1.05500000000000000e+04, 8.27137084001433709e-01
 1.05600000000000000e+04, 8.27137083995873934e-01
 1.05700000000000000e+04, 8.27137083990275968e-01
 1.05800000000000000e+04, 8.27137083984639920e-01
 1.05900000000000000e+04, 8.27137083978965792e-01
 1.06000000000000000e+04, 8.27137083973253473e-01
 1.06100000000000000e+04, 8.27137083967503073e-01
 1.06200000000000000e+04, 8.27137083961714481e-01
 1.06300000000000000e+04, 8.27137083955887809e-01
 1.06400000000000000e+04, 8.27137083950022833e-01
 1.06500000000000000e+04, 8.27137083944119889e-01
 1.06600000000000000e+04, 8.27137083938178641e-01
 1.06700000000000000e+04, 8.27137083932199424e-01
 1.06800000000000000e+04, 8.27137083926182015e-01
 1.06900000000000000e+04, 8.27137083920126526e-01
 1.07000000000000000e+04, 8.27137083914032734e-01
 1.07100000000000000e+04, 8.27137083907901083e-01
 1.07200000000000000e+04, 8.27137083901731129e-01
 1.07300000000000000e+04, 8.27137083895522984e-01
 1.07400000000000000e+04, 8.27137083889276870e-01
 1.07500000000000000e+04, 8.27137083882992563e-01
 1.07600000000000000e+04, 8.27137083876669954e-01
 1.07700000000000000e+04, 8.27137083870309375e-01
 1.07800000000000000e+04, 8.27137083863910605e-01
 1.07900000000000000e+04, 8.27137083857473754e-01
 1.08000000000000000e+04, 8.27137083850998600e-01
 1.08100000000000000e+04, 8.27137083844485588e-01
 1.08200000000000000e+04, 8.27137083837934273e-01
 1.08300000000000000e+04, 8.27137083831344877e-01
 1.08400000000000000e+04, 8.27137083824717512e-01
 1.08500000000000000e+04, 8.27137083822759189e-01
 1.08600000000000000e+04, 8.27137083822632402e-01
 1.08700000000000000e+04, 8.27137083822505614e-01
 1.08800000000000000e+04, 8.27137083822378938e-01
 1.08900000000000000e+04, 8.27137083822252150e-01
 1.09000000000000000e+04, 8.27137083822125363e-01
 1.09100000000000000e+04, 8.27137083821998575e-01
 1.09200000000000000e+04, 8.27137083821872010e-01
 1.09300000000000000e+04, 8.27137083821745223e-01
 1.09400000000000000e+04, 8.27137083821618435e-01
 1.09500000000000000e+04, 8.27137083821491537e-01
 1.09600000000000000e+04, 8.27137083821364971e-01
 1.09700000000000000e+04, 8.27137083821238184e-01
 1.09800000000000000e+04, 8.27137083821111396e-01
 1.09900000000000000e+04, 8.27137083820984609e-01
